0.78956616	0.94067447	0.86077168	0.86506133	1.1146302	0.88225434	1.0740474	0.96910631	0.99487119	0.91902848	0.92629132	0.94105907	0.85510895	0.96431434	1.1631841	1.0145986	1.0073201	1.0903339	0.9601815	1.0433196	0.98648947	1.045775	0.87424764	0.94916621	0.93949095	0.94259535	1.0451806	0.89103292	0.98163073	0.96688727	0.9430057	0.99619521	0.97923239	0.91161131	0.97292076	0.91663348	0.92081678	0.95136426	1.0851686	0.95207137	1.0682073	1.1144538	0.97061862	0.95640585	1.2461485	0.91270818	1.0909981	1.0920951	1.077586	0.97867101	1.0270282	0.96531284	1.124546	0.98318772	1.062238	1.0199569	1.1151787	0.91859112	0.9139047	1.0000418	0.96596805	1.0720997	0.946889	1.0070489	0.98567513	1.1161368	1.0285477	0.94661297	0.8913186	0.85286688	1.1989702	1.01369	1.051605	1.0529275	0.95739654	0.96313628	1.0241423	nan	0.95699833	1.0104464	1.1160196	0.96117937	0.76953852	0.94753993	0.94339691	0.97089478	1.0945336	1.0313054	1.0032642	0.95919655	1.0713656	0.92918479	1.0806464	1.0378869	1.0397324	1.0119252	0.95980924	0.97896212	0.97139	1.081323	0.96828926	1.1149788	0.87102694	1.1219069	0.93846937	1.2736892	1.1501819	1.1354067	1.1094031	1.0751381	0.91276123	0.89676887	1.0475775	1.102091	0.99542669	0.97981894	1.0601512	1.041436	0.90432325	0.88703233	1.049375	0.92302772	0.88512825	0.98457757	0.95071931	1.0044357	0.80853629	0.97870692
0.83047631	0.99800142	0.85668378	1.0334838	0.7842668	0.96428306	0.97834918	0.92053826	0.91812791	0.98421035	0.83476411	0.99735529	1.0047743	0.84455584	0.91504084	0.98422869	0.85737078	1.042214	1.0007378	1.0341997	1.0662928	0.94924298	1.0621269	0.95514239	0.88384921	0.85335862	0.958505	1.0637125	1.0060857	1.1592633	0.92373398	0.92626073	1.0580192	1.0100277	0.99857173	0.87439246	0.96359513	0.91661346	1.0661427	0.97885729	1.0025266	0.99889399	1.0512623	1.0115628	1.0750001	1.0546499	1.0874665	1.1255618	1.0263838	0.96855211	0.94391156	0.96262994	0.92078856	0.96269623	1.0196504	1.0831006	1.1278496	0.94112424	1.1035759	1.0199539	0.98707461	0.99495305	1.0407125	1.0021802	0.90288005	0.97897952	0.97124188	1.1104404	0.93405729	0.96356279	1.1040122	0.92933886	1.1177493	0.80652849	0.99238381	1.086882	1.1162212	0.9902332	0.98838263	0.89929874	1.1221063	1.0566808	0.99432763	1.0725342	0.83090485	1.036954	1.0484761	0.90914317	0.95442964	1.1244893	1.0582948	0.98005489	1.0759424	1.0289246	0.95302215	1.0313511	1.030679	0.97955696	0.94499348	0.97724664	0.88713043	0.90660425	1.0684457	0.88761572	0.94779782	1.2122034	1.1033318	0.9878103	0.9773132	0.98703345	1.0263284	1.0133247	1.0435381	0.88750059	0.98422819	0.97826055	1.1152293	1.0731498	1.0040962	1.0561202	1.067529	1.0112873	0.83625922	0.894925	0.89143497	0.91425432	0.84534566	0.85581757
0.88979079	0.88676443	0.88285724	0.85412922	0.91475783	1.0093832	0.80021998	0.90674295	1.0045461	0.94322735	0.88247124	0.89667608	1.0280543	0.99015794	0.94503088	0.83968586	1.0132281	1.1750419	1.0054577	1.0271463	1.0170724	0.84039651	0.99637033	1.0492083	0.96211716	0.91725751	1.1270909	0.98203896	0.95536776	1.0579036	0.88030221	1.0865951	0.87373126	0.87220403	1.0862139	0.96218225	1.0661598	0.98343812	0.93158604	0.82838881	0.97141172	0.92219678	0.92203256	0.91038375	0.92923202	0.84641958	1.0564042	1.1013922	1.0874211	1.1115868	1.0470148	1.0296922	1.0164591	0.87602827	1.0193517	1.0275838	0.85565	0.93409889	0.93920239	1.0559468	1.0315689	1.1157311	0.91341219	1.0424183	0.85741086	1.1002117	1.176858	1.1591172	1.0166011	0.91906563	0.99103801	1.1973933	0.93827395	1.0349494	0.87154956	1.0164764	0.8372746	0.94512734	0.8844336	0.99440403	0.95687373	1.0115958	0.98208199	1.0760865	1.0830691	0.90643214	0.99044587	1.0317918	0.91194057	1.0387399	0.99313199	0.89837487	0.96675952	1.012549	0.97360343	1.2110505	0.95407118	1.0031405	0.98834016	0.96924482	1.1246275	0.85174083	0.98302792	0.96458784	1.0683642	1.1103766	0.92125428	0.95032464	1.0330999	1.0191335	0.98804475	1.0656051	0.98733032	0.93328595	0.93319538	0.93722881	0.92666653	1.0272297	1.0384354	0.95529578	0.93542333	0.94899512	0.89723736	0.86180947	0.90872803	0.94522298	0.85158152	0.8448591
0.8321757	0.82159031	1.0877135	0.84778706	0.8351825	0.97698046	0.98941109	0.98744903	1.007066	0.93934624	0.98418119	0.88414109	1.0164436	1.1780765	0.95077909	0.96867188	0.98336348	1.0301252	0.96786519	1.0379177	1.0582273	1.0373383	0.89477305	0.97070621	1.0075427	1.0382745	1.0979737	0.97547209	0.83919793	0.89990098	0.7667654	0.90657005	1.077868	0.98116781	1.0679541	0.96939704	1.1414644	0.95065791	1.0725147	1.1650639	1.0485296	1.1046689	0.99129394	1.015947	1.0602955	0.94873687	0.94164432	1.0396685	0.98890493	1.0325779	0.96597122	1.11828	1.0331831	0.89952199	0.98875129	0.96614617	1.10818	1.1187951	1.0195931	1.1079842	1.0609448	1.0560926	0.99999948	0.93807051	1.1202632	0.99454713	0.93453876	1.1839002	0.90116877	1.1816903	1.0436203	0.94292577	1.1062328	0.90428588	0.91034295	1.1278025	0.85879491	1.0801013	1.0291954	1.0323022	0.99612745	0.99654377	1.0651707	1.1620413	0.92605965	0.92100618	0.95843877	1.1286898	0.94847984	1.0716257	1.0246819	1.0233114	1.0275871	0.88249753	1.0683048	1.0588461	1.0379785	1.0453131	1.001213	1.0973519	0.91580978	1.0211064	1.0112279	1.0136479	1.0103219	0.92853263	1.0161671	0.92827807	1.0484554	0.89132113	0.9859583	1.2093311	1.176282	0.97332886	1.0408898	1.0033197	1.0694946	0.95857182	0.95181798	1.0303582	1.0626559	0.91748511	0.86669064	0.93021531	0.77155205	0.90714378	0.90882845	0.94389951
0.88883364	0.99496744	0.95667528	0.95098326	0.97348686	0.97663525	0.98605448	0.875119	1.0164173	1.1580093	1.0038148	0.92484801	0.9984712	1.0137704	1.053241	0.89963632	1.1544509	0.93874617	0.96157754	0.90184375	1.0548402	1.0230014	0.95516837	0.92373657	0.99610685	1.097683	1.1580119	1.0746991	0.95742608	0.8303562	0.988064	1.0397387	0.8758105	0.93850999	0.80002157	1.1031051	1.0727834	1.2015635	0.87967983	1.0587888	1.0532943	0.985855	1.1075799	0.92364708	1.0157673	0.95403739	1.0674741	0.99866086	1.1782441	0.97315078	1.0063281	1.0725895	1.0344698	0.99872747	0.99471598	0.92266697	0.97268517	1.0267478	0.99210024	1.056327	1.0877108	1.0536306	1.0931297	1.0774124	1.1046702	1.117146	1.1087341	0.99956532	1.0474956	1.0816643	1.0188586	0.98843749	1.1359787	1.2235746	0.92532875	0.95346772	1.00155	1.0573853	0.96744809	1.0801461	1.010188	1.1154635	1.0311014	1.075727	0.98027447	0.9365276	1.1004027	0.89425049	1.2514999	0.90370918	1.0818665	1.0404957	1.0556946	1.0454811	0.96120544	0.98260538	1.08456	1.1503441	1.0569571	0.94134802	1.0925359	1.0769907	0.83690717	1.016156	0.79672816	1.0390291	1.0824633	1.0553381	1.0300038	0.98656974	0.99952378	1.0629353	1.0868261	0.99280904	1.0842921	0.99249436	1.0490808	1.0514203	0.99610067	0.93894573	1.0612635	0.99158398	1.0682382	0.88766337	0.96710501	0.90646744	0.88753429	0.96929947
0.97108346	0.97419309	0.87389397	0.91322685	0.99101843	0.8516324	0.83744337	0.9603737	0.93529976	0.94916334	1.1474514	0.87328231	0.86717349	0.98663466	0.95875236	0.95424585	0.92314028	0.90600764	0.97783272	0.88195076	1.1247547	0.96845829	1.0568032	0.90057782	0.96137345	1.1019551	1.1823358	0.85721639	1.0170482	0.98963113	0.85778633	1.0446296	0.93999138	1.0512412	0.87403848	0.9607005	0.88659903	0.8917508	0.9802692	1.0234261	0.92883474	1.0726244	0.9662822	1.0446016	1.0728227	0.8319322	1.0046683	1.0346056	0.89514122	0.91236109	1.1521373	1.1135798	0.91590891	0.99889378	0.86879017	1.0880117	0.93676827	1.1538172	1.0711661	1.0549806	1.0338169	1.1930474	0.99194007	1.115243	1.0640429	1.0534611	1.0798214	1.0027485	1.0160972	0.91797883	1.0259481	0.93697114	0.99139671	1.0625243	0.98360727	1.1218159	0.93443295	0.95462488	1.1345623	1.0971786	0.94035965	1.0427724	1.0634203	0.96311054	1.0446139	0.97531316	1.1155427	0.96768625	0.95795347	1.0117195	1.0597795	0.9381712	0.86367854	0.96824075	0.92109008	1.0649171	1.0332087	1.0616254	0.99676734	1.0032134	1.1221187	1.0044357	0.99865501	1.1150051	1.0379975	1.1125838	1.0473352	1.0276133	0.97354632	1.0135221	0.98355406	0.89710091	1.1038584	1.0802997	0.975367	0.90613536	1.0013517	1.044226	1.0939702	0.95636171	0.94031435	0.92086272	0.91168262	0.96055021	0.91693864	0.93910605	0.87141443	0.94760194
0.88975395	0.99757055	1.010068	0.9006808	1.0177554	1.0459547	1.0274358	0.94497712	0.97341651	1.0756401	1.045338	1.0575198	1.0548599	1.0250499	0.96447955	1.0086969	1.1022911	1.0305821	1.0872799	1.0541577	0.88338672	1.0638319	0.97785707	0.89858819	1.0050201	0.96331248	0.97741365	1.1175158	0.99433787	0.98005652	1.1784191	1.0154943	0.91606086	1.0630308	0.84719158	0.95704492	1.1160775	1.0749402	0.96154804	1.0672427	1.0998692	1.0148291	0.89107236	1.1738559	1.0664691	0.97775723	0.93238573	0.90906572	0.89990469	1.1038342	0.89729175	1.0519644	0.96593188	1.0345318	1.0218653	0.99466919	0.90005956	0.96948159	0.95846356	0.92430524	1.0255401	1.101347	1.0540335	1.0982214	0.94678503	0.85968041	0.82009076	1.0132935	1.0024085	1.1837241	1.1648581	1.0210289	1.0709536	0.9877048	1.1040243	1.079796	1.0445035	0.93107387	1.0171424	1.0143475	1.0247857	1.0353499	1.0436832	0.95563671	0.9809303	0.89090853	1.1751458	1.0809245	0.94876301	0.99890981	1.0431847	1.0163498	0.86882866	0.85649246	0.92752609	1.0771027	1.1715342	1.1873603	1.0459772	1.0219045	1.065107	1.1146996	1.042658	1.0246164	0.85803707	0.98787488	1.0375439	1.0556321	0.98818121	0.94829697	1.0506937	1.0650185	1.0637391	1.118186	1.0027941	1.1074067	1.0023596	0.9274396	0.88702329	0.97399872	0.95764651	0.96499804	0.89099512	0.91372656	0.88287894	0.95515523	0.87795737	0.96780177
0.98662562	0.95094817	0.91769344	0.92471443	0.86166795	0.99954228	0.95072199	0.95275328	0.95296726	1.0376997	1.0544798	1.0508288	1.0416253	1.0615912	0.976539	1.0009022	0.9321319	1.0154287	1.0615447	1.0339336	0.97521508	0.98270472	0.91031257	0.87873067	0.89751879	1.0494569	1.0770947	1.0439431	1.0214434	1.0629013	1.1646247	1.0074721	1.1280439	0.93166039	1.0767118	0.99225181	0.96998352	0.95902831	1.0700623	1.0942633	1.1358648	1.0249106	0.9351534	1.0626375	1.0155323	0.90940076	1.0910873	0.86825726	0.96427386	1.0899843	0.87368136	1.1111699	1.1716781	0.89757173	1.0151833	1.0871058	1.1192149	1.0181828	1.0651545	1.1074788	1.080178	1.031058	0.87983504	1.0950118	0.96508682	1.0728391	1.1378026	1.0503149	0.88336085	1.073116	1.1291487	1.0621111	0.95104073	0.93491093	1.0127113	0.86201286	1.0509673	0.90809829	1.0292122	1.0623498	0.98082504	0.98582763	1.0795862	0.8610979	0.94741294	0.99657344	0.93576217	0.96881936	1.0744038	1.0416196	1.0023517	0.99984733	1.1503275	0.94388246	1.0409635	1.036563	0.94925802	1.1876333	0.88436922	0.97541275	1.0495122	1.1635069	1.1785226	1.0532582	1.0717261	1.0512636	0.95776577	1.1895921	1.0285046	1.0006778	0.9554991	1.040516	0.92011756	1.0074172	1.1120535	1.0061487	0.95097343	0.95223158	0.94118897	1.0234621	1.0901994	0.93045441	0.98713334	0.91835517	1.0944085	0.86975459	0.71916132	0.80832301
0.92560652	0.9128452	0.84428388	0.8003083	0.93149348	1.0206601	0.9165584	1.0649541	1.0272748	0.91490177	0.9008141	1.035686	1.022599	1.0084666	0.95138949	0.9813498	0.98562467	1.0461634	1.0530716	1.0307814	1.0090977	0.89093397	0.96794979	0.93969145	1.0189354	1.0355192	0.96336614	1.1342893	1.0043741	1.1195604	1.0020943	1.02231	0.96725171	0.89090879	0.96182183	0.92527161	0.96907432	1.0992337	0.95847165	1.0174755	0.93706107	1.0398809	0.96032819	0.93265889	1.2023568	1.0804952	0.91255199	1.0542845	1.130677	0.94269652	1.1226248	1.1076303	0.98511763	1.0325338	1.0758229	0.8953429	0.98165698	0.9726583	1.0059849	1.085774	1.1042401	1.0860183	0.96697377	1.0661435	1.0435538	1.0228974	0.95009446	1.0812099	1.0089551	0.99007972	0.99621521	1.0566428	1.0703819	0.8833447	1.1019095	1.0118764	1.0660297	1.0955333	1.0092123	1.085377	1.0131219	0.99047529	0.96586731	0.9457336	1.1508937	0.89746938	0.87904205	1.1999829	0.89306278	1.0445691	1.097736	1.1011567	0.93887603	0.92342568	0.88543176	0.92455002	0.97528401	0.8804642	0.91544929	1.1132791	1.051924	1.1143879	0.87854505	0.96751076	0.88274409	0.91223099	1.1242982	0.96398657	0.90780711	1.0494114	1.0522818	1.0450098	1.0294447	1.0431334	0.95285254	1.0098637	1.0629711	0.98065153	0.86883632	0.96287927	1.0614216	0.93661952	0.88246889	0.91855352	0.91956379	0.95719421	0.95554729	0.84759887
0.83510763	0.82356674	0.95629962	0.89978887	0.98958915	0.91567108	0.93075977	0.98631247	0.82554218	0.92174544	1.0539344	1.0548751	1.0831168	0.87674058	0.82531586	0.98623766	0.92746227	1.0094583	1.013732	0.95021171	0.98535581	0.93281543	0.94372253	0.92867009	0.97230535	1.0980475	0.9875365	0.98520803	0.92450153	0.9145734	1.0325523	1.00956	1.0036937	1.069023	0.9332882	0.96976228	1.1300064	1.1195861	0.97430144	0.91672494	1.0204061	1.1471797	1.00792	0.99557309	0.89383579	1.0563345	1.0290763	1.0559042	1.0873965	0.99032358	1.1299023	0.86384344	1.053975	0.93290118	0.99211219	0.96043608	0.98925898	1.0390837	0.9997251	0.90519871	1.1420128	1.0098528	1.0869563	1.0257626	0.95705801	1.0225795	0.96447721	0.87405482	1.1149799	0.8609831	0.94356717	1.0199628	0.99504681	1.0733167	1.0588053	0.97850363	1.062987	0.92574391	1.0754538	0.84312213	0.91938126	1.0634654	1.1627999	0.98002383	0.85437026	1.0786108	1.0172499	0.94424296	1.0960703	0.96028203	1.0283668	1.1184794	0.85511946	1.0086481	0.88945447	1.0537397	0.94767253	1.0109986	1.0689458	1.1591469	1.0090979	0.9589244	1.0212858	0.94345993	1.1142135	1.0604304	0.93991183	0.93057414	0.93263806	1.0301871	0.90361761	1.1123211	1.0290917	0.96182562	1.0073182	1.0260818	0.89770683	0.95273313	1.0726069	0.97701924	0.94896279	1.017834	0.88313284	0.86407595	1.0423841	0.89013058	0.90561953	0.89160349
0.85827252	0.86809246	0.90394877	0.97559224	0.88819768	1.1473709	1.0366648	0.97084385	0.94308256	0.95528769	0.90785059	1.0294022	0.97287935	1.0151209	0.92302516	1.0335541	0.91739196	0.89220181	1.0811466	0.91945964	0.92002285	0.97357453	0.92504616	1.0443201	0.93865279	0.98049236	1.1015744	0.89871882	0.96745816	0.91995159	0.85980829	1.0364201	1.1570658	0.91639946	0.9894377	0.96955156	1.0575565	0.9458178	0.93130121	0.96733521	1.056002	0.95298248	1.028654	1.0562393	1.079952	0.88781979	1.0778893	0.9035523	1.167513	0.9697905	1.0658079	1.1410794	1.094109	0.94752286	0.9228905	0.99876195	1.1226269	0.76662473	1.0982115	1.1435819	1.0117037	0.93259907	0.91128326	0.94855474	1.0608449	0.81495937	0.90607821	0.85454784	1.1895196	0.92973945	1.0185662	0.9644162	0.99531153	1.0751094	1.1010936	1.1947519	1.0346964	0.9232341	1.238397	1.0826071	1.1909182	1.252656	1.0604004	1.1255464	0.86794457	1.1395386	0.97455248	1.0769615	1.079087	0.80032693	1.0471005	1.0104212	1.0696396	1.1012479	1.0063704	1.0996552	1.0418498	1.0507856	0.9086347	1.0419655	0.99349488	0.86432913	1.0132256	1.0151585	1.0123985	1.0430453	1.0219949	0.86430858	1.0273312	1.1789512	0.97936358	0.98932539	0.94240625	0.81101913	0.95027267	0.9830384	1.0221491	0.94542905	0.88038254	1.0256098	0.99779619	0.97169314	0.79433073	1.1289226	0.86624224	0.80756719	0.89802173	1.0218491
0.71071978	0.89059451	1.0169196	0.88863407	0.86192069	0.96628015	1.0357716	0.98122062	0.9057188	0.94202288	0.9235552	1.029267	0.96029581	0.90121594	0.90781201	0.9808065	1.0348979	1.0018878	0.96289133	1.0429154	1.1447984	1.0600815	0.96631043	0.93989916	0.94201233	0.96760736	0.97409595	1.0513593	0.97628821	0.95454952	1.1520138	0.88140058	0.9227048	1.1565628	0.93223396	1.0839381	1.0219016	0.93207256	1.0307179	1.066338	1.0200901	0.94537445	1.113651	1.1954343	1.0104988	1.0519829	0.83228707	0.93599012	0.96839692	1.0775526	1.1089345	0.93986737	1.0046267	0.92482899	1.0579825	1.0402823	0.95001932	0.97710792	1.0978764	1.1782801	1.0141939	1.0047088	1.0745325	0.84449098	1.0320055	1.1686484	1.0307041	1.0648449	0.90553927	0.92877638	1.0609738	0.91139788	0.98453546	1.0472912	0.94833441	0.95333237	1.1213037	0.92055709	0.99043729	1.1189056	1.0557156	0.95802001	0.96837711	1.0564749	1.0133011	0.82272284	1.026042	0.85341616	1.0403961	1.0932436	0.96103356	1.0953128	1.1789804	1.0349321	0.99833604	1.033994	1.0283773	1.0908178	0.84571455	0.89982064	0.95176022	1.0127757	1.0528493	1.1375335	1.0695103	0.86217076	1.018228	0.90585528	1.0025478	0.89627331	1.0743787	0.93285609	1.146562	1.0064273	0.92285379	1.1231726	1.0065841	1.0283463	0.96068279	0.97535251	1.0878276	0.92233151	1.0196476	0.82638356	0.8007044	0.83017562	0.76791125	0.99743366
0.94143017	0.82429241	1.0672292	0.99141772	0.90162211	0.89591217	0.93797619	0.99015142	0.92363366	0.8586164	0.91781736	1.00326	0.86482866	0.99395488	1.128883	1.074117	1.0959714	0.92674523	0.95459635	0.83222929	1.0851801	0.86095712	0.92685832	1.0014005	0.967402	0.98765985	1.1028432	0.95348293	1.0693119	0.96235998	0.89469792	0.97279927	1.0765241	0.90972879	1.2008415	0.89792742	1.0018006	1.2045838	1.0749509	0.94597358	0.99136125	1.0066274	1.0589568	0.88269445	1.0737306	1.1043087	0.98845684	1.1012408	1.0995956	1.0365503	0.91807683	0.9368928	1.0937615	1.0551811	0.91602032	1.0864754	1.0689097	1.0380716	1.0750205	1.0218311	0.96859975	0.94540577	1.0408431	1.0446938	0.97558806	0.911372	1.0052961	0.86276648	1.0571223	0.9909419	0.93838113	1.0822221	1.0496865	0.93070506	1.1562027	1.04432	0.95542079	1.0504622	0.97948344	1.0565167	1.1427665	1.0786694	1.017439	1.0538475	1.0686108	1.0004456	1.0653285	0.85136633	1.0921232	0.95699962	1.0087763	0.88300537	1.2134572	0.96942338	0.92896758	0.95485116	1.0401343	1.0574829	1.1364835	1.057237	1.0165568	1.0479285	0.93822984	1.037629	1.1912811	0.97478917	1.0561602	1.189453	1.103554	1.0602943	0.95595344	1.1339727	0.87944694	1.0682396	0.99928224	1.0529594	0.96454375	1.0287144	1.0876297	0.97109629	0.94620215	0.93203033	0.91649934	0.83322649	0.76971022	1.0553903	1.0602609	0.87834664
0.85240197	0.83820882	0.9191068	1.0169394	0.7773816	1.0911509	0.90739145	1.0163095	0.90282275	1.0572334	0.94131571	1.0227191	1.0636857	0.88715386	0.90571341	0.92724377	1.0487616	0.87900326	1.0655885	1.1219271	0.9436477	1.0257024	nan	1.0015856	1.019346	1.0389333	1.0381389	1.1554144	1.0743166	1.0061628	1.1084481	0.99944494	0.96579659	1.0647671	1.005216	1.0244833	0.97514373	0.88739982	0.9967933	1.1625679	1.0052153	1.0232041	1.0614481	1.0607047	1.1021711	0.9613461	1.0558472	1.0933045	0.96900232	1.0388707	1.0062063	1.0229343	1.1305825	1.0723536	1.0431982	1.0102635	1.0976	1.0823465	1.0682136	0.93832985	0.94047176	0.95409499	1.1398776	0.99216936	1.0447998	0.96698233	0.99281539	1.0436617	1.0065027	1.1973348	0.9765631	1.1346822	1.0878016	0.94635699	1.0503817	1.0469946	0.91869678	1.0423401	0.89624591	0.94838906	1.1041063	1.0223365	0.98994443	0.96182429	0.95972812	0.88342391	1.0121991	1.1271329	1.036447	0.96876592	1.0242883	1.0200748	1.1300122	0.92817257	1.0972161	1.1276351	1.005112	0.83476958	0.85946553	1.054623	1.0546551	1.0031353	1.015192	1.1502038	1.0517984	0.9168233	1.1551878	1.1963857	1.2216732	0.9487348	1.0638257	1.0598007	0.94829947	0.93506012	0.89722773	1.1409941	1.0555629	1.0306071	1.0209777	0.86117341	1.1390244	0.86899296	0.92327736	1.0192716	0.77890845	0.8106736	0.77783009	0.95251204
0.90766401	0.88261252	0.94005824	0.90468018	0.98875017	0.88185961	0.92782336	0.86578818	0.88066656	0.85956591	0.94016903	0.98608877	0.90480207	0.81208877	0.92679432	0.93654723	0.91639157	0.93170058	1.0419267	1.0216305	1.0049791	0.88001535	1.0700023	0.99121509	0.84792886	1.0721774	0.98258621	0.95872349	0.98819474	1.081295	1.0609372	0.88944373	1.0115202	1.0560312	1.0279053	0.84363512	1.0093259	0.98338635	1.0375762	0.96175868	1.0190114	1.1354137	0.9217102	1.0065218	1.0159447	0.88909384	1.052218	0.84649582	0.98435416	1.0027345	1.0980269	1.0508537	1.1491143	1.0878529	1.0611801	1.05988	1.0170489	1.1708679	1.0289242	0.95584284	0.99121349	0.8916735	1.1561533	0.97895967	1.0258726	nan	0.94553612	1.1046303	1.0641994	1.0639789	1.0201761	0.94547671	0.9964028	0.90207061	1.0144499	0.94927156	1.031561	1.113973	1.1006966	1.0984234	1.1716647	1.049471	0.92952053	1.028238	0.86896481	1.0190603	0.89104445	0.95539246	0.8653401	1.0722501	1.0884138	1.0132438	0.97411644	1.0602369	1.042034	1.0257886	1.028779	1.1278932	0.88624225	1.0961317	0.91605097	0.93157166	1.1334095	0.89288356	1.1045528	1.0874387	1.0657286	1.0562752	0.93240132	0.98143168	0.97029042	1.0742052	1.0670166	0.96112097	0.94504015	0.92247659	1.0423158	1.0847826	1.0393128	0.9933039	1.1743525	0.92742161	0.8217664	0.9987764	0.97390748	0.82140466	0.89818381	0.82801597
0.82204019	0.86237615	0.84919466	0.88328677	1.0025849	0.93041149	0.90247926	0.99733689	0.9748906	0.98105478	0.91468815	1.0125658	1.0299122	0.97949058	0.96606316	0.9435072	1.0101376	0.95456407	0.97375791	0.85657906	1.0666637	1.0905507	0.88446921	0.9946023	0.95221483	1.079585	0.95060536	0.97263819	0.97548603	1.0278137	0.9590266	1.1195718	1.0272168	1.0114517	0.93070481	0.97604653	0.90316999	1.0052008	0.99050701	1.0939485	1.0963569	0.98746115	1.0468654	1.0332161	1.175753	0.95354501	1.0489608	1.0630782	0.95615622	1.0248395	1.0201095	0.91570846	0.97057868	1.0570701	1.0268572	0.95861423	1.0416034	1.1075389	0.96398619	1.1344146	1.1292089	0.95952527	1.1514779	1.0448442	1.0799307	0.98287925	0.90146535	1.2175962	1.0036246	1.0844737	0.93910547	1.1111356	1.0078106	1.0796124	1.045531	1.1995301	0.94741136	0.8557331	1.0068803	1.0655955	1.0913295	0.9898111	1.1177215	0.9668657	1.1386427	0.99153502	0.94845208	1.01812	0.95733587	0.89098664	0.95717803	1.1591585	0.98225357	0.9837139	1.1144355	1.0109286	1.0500786	0.90331903	0.90082517	0.9913513	1.1065867	0.91413679	0.85925564	1.0324819	0.92877554	0.95763643	0.98943862	1.0757876	0.81909146	1.0078816	1.0466852	0.97792693	1.084591	0.9490405	0.93878686	1.1642046	1.1549925	1.093313	1.2209596	1.1261214	1.0465424	0.96530549	0.99474789	0.84555076	0.95879707	0.75294204	0.9196257	0.86851109
0.89507071	nan	0.8253281	0.95484915	0.93461001	0.97792522	0.90417272	0.9806486	0.99065582	0.9436629	0.86858024	1.1182018	1.1029597	1.024372	0.95380259	0.80904953	1.0291199	0.80470096	1.0646897	1.063309	1.0525492	0.97989331	0.83770162	1.0584685	1.0058803	0.88687846	0.98855232	1.0573697	1.0338765	1.013383	1.0155845	0.9767776	1.0179706	1.0526039	1.0451725	0.85718647	1.1099624	0.89475538	1.0010116	1.0009402	1.1356094	1.0496456	1.1365151	1.0364835	0.93850727	1.1247102	0.98970365	1.10826	0.99741642	0.98623814	0.90276328	1.0379277	0.85425366	1.1285586	1.1687481	0.83945318	1.08213	0.99587204	1.0194845	1.0045214	0.8198876	1.1464633	0.9610297	1.0085987	0.94316476	0.89604054	1.1119529	0.96552805	0.96001325	0.85364861	1.0712403	1.0555041	1.0948646	1.0826603	0.96270355	1.0690082	0.87010961	0.99231272	1.0391209	1.1507335	0.96629436	0.95413597	1.1592127	0.98016554	0.96822428	1.0434695	0.98053812	1.0155608	0.92931873	0.80224492	1.112883	1.0312835	0.98021731	0.94074036	1.1108273	1.0320955	1.068606	0.97827641	1.1145256	1.0544329	0.94106712	1.1029402	0.95496443	1.0063316	1.1028082	1.1487727	0.8254696	0.92678504	1.03959	0.91122553	1.1497893	0.97147998	1.0398081	0.9950373	1.0438505	0.95562669	0.96894408	1.051549	0.98050512	0.9115353	1.0220301	0.9008457	0.87585575	0.94660297	0.87047957	0.97884763	0.93006774	0.90511467
0.72352147	0.87835902	0.79981685	0.94781514	0.84032915	1.0212538	0.88246389	1.0282029	0.96795827	0.82287146	1.0258371	0.92672401	1.0605497	1.0979386	0.90246915	0.99065071	1.0153248	1.0132301	0.93859441	0.93370414	1.125382	1.0883477	1.1869052	1.0239961	0.89965814	0.99578058	0.89149657	0.97984533	1.0899385	1.0464238	0.78798604	1.0058837	0.9873797	0.95592893	0.89858445	0.85425574	0.95665398	0.98154021	0.99936843	0.85894288	0.93720384	0.95061803	1.002439	1.1759024	1.034108	1.0706072	1.0681435	0.98529479	1.0520147	0.98457707	1.0986228	1.1099456	0.9921541	1.1014449	0.931518	1.1202841	1.040252	1.0468066	1.1319562	1.1711587	1.096965	0.99033317	1.0968292	1.1139961	1.0100376	1.0429498	0.990047	1.0219124	0.8428566	1.0197891	1.0188122	1.0840854	0.96566394	1.2334303	0.96143709	1.0660013	1.0296305	1.0709736	1.0149813	0.98316094	0.86533209	1.083056	0.90625763	1.1364636	0.90073676	0.94383412	1.0346809	1.0228656	1.0823067	0.9954138	1.05054	0.98907174	0.93311481	1.1322181	0.97043985	1.0255795	0.99761894	1.074762	0.97149353	1.2041657	1.0212707	1.0313174	1.0023131	0.79140534	1.0981941	0.9623054	1.0226604	0.98764508	1.0007345	0.84391727	0.88915767	1.0870748	1.0179735	0.85676793	1.0100379	0.95655117	0.92110101	0.98411156	0.91454586	0.9899794	0.91817799	0.8558299	1.0510263	1.0009539	0.87742989	0.92306701	0.87740559	0.86546753
0.85278871	0.95034081	0.93568856	1.000172	0.98731432	0.93707198	1.0211909	1.0840899	0.90871346	1.0215716	0.98020455	0.90150595	1.0279891	1.0285142	1.0251208	1.0824463	1.004042	1.0456033	1.0811995	0.9432233	0.91803764	1.0875018	1.0811221	0.92439288	0.92193029	1.0367334	0.94951249	1.0727881	0.86338813	1.137669	1.0226512	1.1085327	1.0682744	1.1284328	0.96323726	1.0699446	1.0268564	1.0748274	1.062984	1.1279129	0.96421771	1.030505	0.93563967	1.1524929	1.0731671	1.1820095	0.86110046	1.0793105	1.1507234	1.0429083	0.93921094	1.0444864	1.0129997	1.0136086	1.0043981	0.96745557	0.93990506	0.85973649	1.0858468	1.0429369	1.1383649	0.96840254	1.0338827	1.0198061	1.0938579	1.0301727	1.024802	1.1073716	1.1484166	1.0458406	0.94056885	0.92496556	1.0313427	1.1162038	1.1502074	1.0287348	1.010177	1.0763149	1.0714281	1.0195224	0.95524204	0.92501515	1.1347717	1.0224137	1.1821706	1.1296693	1.1083626	1.0856553	1.0224955	0.98005521	1.0368473	0.90547667	0.93191754	0.96525709	0.95984695	1.0157091	1.0446343	1.0690163	0.9536533	0.97144247	1.093724	1.0010159	0.98446478	0.86209688	1.056302	0.93960928	1.1201672	0.98172579	1.1091351	1.0740896	0.92228509	0.8179887	0.98121864	0.92647458	0.94740692	1.1027156	0.81176161	0.86122531	1.10261	0.92893117	0.87809142	0.95931559	1.0809686	0.85912054	1.0807634	0.81244286	0.83395251	0.80224981
0.91594391	0.77183737	0.91023171	1.0413681	0.93328904	1.0821719	0.96124183	1.1081994	0.97956531	0.92166541	0.84459847	1.0611374	1.0165695	1.056269	1.0774527	1.0045431	1.0070925	1.0780454	1.1362066	0.86051875	1.0285212	1.0205145	0.84775222	0.8329021	0.98039422	0.93779658	1.0568431	0.93809082	0.9661821	0.96950774	0.98286271	0.97867943	0.88984925	0.94363071	1.0314967	0.88090043	1.027528	1.0564311	1.0332181	0.97824766	1.0122473	1.0838888	0.88536597	1.0243716	1.0104332	1.0531236	1.0338278	0.97064091	1.1914478	1.0938614	1.0264912	0.95658623	0.94912015	1.1491078	1.1142805	0.94412796	0.99482985	0.9752862	0.98569986	1.1617104	1.2256129	0.9817938	0.95513356	1.1107963	0.99279203	1.0436474	1.1024148	1.088991	1.1657497	0.98295766	1.0194089	1.0950003	1.1247142	0.92883451	1.0031983	1.0957562	0.93968091	0.91016355	0.96329802	0.95562242	1.0153024	0.94542535	1.0448131	0.98762772	1.1067699	1.1129773	0.97644967	1.0259733	1.0548595	1.0815852	0.91208283	1.0274364	0.89963172	0.9624257	0.99279686	0.96371028	1.0480831	1.096693	0.91960009	0.99770876	0.95888722	1.00348	1.0034406	1.0838579	0.86735438	0.89736999	1.0276874	1.0824659	1.0796258	1.0812725	1.0409187	1.0172549	0.98068321	1.043081	0.95732685	1.0301181	0.93999968	1.0990529	1.1340027	1.1347702	0.96539062	0.96968262	0.97629191	0.94648141	0.84572723	0.99220043	0.79925866	0.78103812
0.84967104	0.7893245	0.81542284	0.90551964	0.85827555	0.92033346	1.0028891	0.96018702	0.92467774	1.0424928	0.9554026	1.2246068	1.0028941	0.86813959	1.0933291	0.9988371	0.89546967	0.99895246	1.0574241	1.0428248	0.98299562	1.026602	1.1483616	1.032463	0.93531419	1.0064315	0.98326664	0.95259364	1.0671713	1.1061942	1.0397886	0.92926087	1.0720117	1.0520379	1.0213473	0.95954172	0.93341212	0.93072122	0.99800876	0.91247537	1.0633792	0.86234545	1.1231755	0.91364629	1.1126977	0.95757557	1.0207798	1.1179786	1.0260187	1.1564219	0.84071462	1.0731476	1.0561982	1.0622234	1.0707156	0.9292879	0.92838309	1.1639232	1.0395707	0.94025654	1.0634707	1.11252	1.0317322	1.1032517	1.0693677	1.0823093	1.1289341	0.90811198	1.1248652	0.9611474	0.95408244	1.0705353	0.97827546	0.93710023	1.1299213	0.96338946	0.93159122	1.0115323	0.93154198	1.1280423	0.94543088	0.98000992	1.216958	1.027941	1.0789297	0.94000753	0.96199744	0.9384494	0.91354447	0.95770149	1.0037072	0.97199814	0.97373448	1.0654084	1.0919938	1.0449863	1.0166624	1.1920927	1.0431034	0.94123083	0.95597136	0.92294624	0.872619	1.1104683	1.0672232	0.98517353	0.87778514	0.99287588	0.88812798	1.0043396	0.87991809	0.97801189	1.0914799	1.0453835	0.94033954	0.96921038	1.0425753	0.88926908	1.0467248	0.95731255	1.0486135	0.94495498	0.97957909	0.86209307	0.99887818	0.89109892	1.0532901	0.81209329
0.80547835	0.89787859	0.87899038	1.0695466	0.94001599	1.0564547	0.98712477	1.0076468	0.98073401	1.0747983	0.89936068	0.97571385	0.91004476	1.0022109	0.90306492	0.98662293	1.0948057	1.0254572	0.82515924	1.129281	0.99088607	0.99843553	1.0804197	0.88561114	1.048976	0.93588158	1.0666817	1.1564928	1.0910702	0.90978408	0.91702821	0.96724716	1.0455476	0.96924162	0.9385255	1.0628138	0.98246916	1.1060381	1.1487994	0.88431147	0.97920244	0.91605349	1.1284802	1.0696116	0.97173743	0.89087893	1.0628088	1.1302799	1.0381732	0.90887964	0.85359321	1.0233478	1.023465	1.0599657	0.92381854	0.90918285	1.2337362	1.016306	1.0298096	0.95269672	1.0251896	1.0099035	0.86664362	1.0050865	1.1067422	1.10948	1.176791	0.91310997	1.0780039	1.09515	0.96626954	0.99718366	0.9824013	0.9400002	1.0201429	1.1374287	1.0292992	0.93332356	1.0688757	0.8928054	0.93644585	1.0038783	1.1243617	1.0601226	0.95633495	1.0171286	1.0772783	1.0398987	1.0433033	1.0364301	0.89323217	0.88438008	0.97553419	1.065844	1.0939383	0.83626428	1.031612	0.92547583	0.84321444	1.0901654	1.0134816	1.2185895	0.98694379	0.98989804	0.99681601	0.87515527	0.99378907	0.84037172	1.0726335	0.93351662	1.0137461	1.1413602	0.92074017	1.0510104	0.89357323	1.0207194	0.98700784	1.1306797	0.89931457	1.0808049	0.93205846	0.88780894	0.97946873	1.0594595	0.70909002	0.98087907	0.82667765	0.83125939
0.78861067	1.0016945	0.87728928	1.0042145	0.82796043	0.84693285	1.0564932	0.9714302	1.215313	1.0692499	1.0104539	0.95457095	0.91532593	0.93541259	1.1239803	1.1522765	0.98613553	1.0106318	0.96568493	1.0563547	1.0471107	0.99216181	1.037523	1.2363518	0.96440891	0.99272222	1.1314887	1.0770842	0.89090616	0.91998313	1.106911	0.97690136	1.1143165	1.0529399	1.1606734	1.0177324	1.1219241	0.93399874	0.87510289	1.0287521	1.0451087	1.0395526	1.0557887	1.0150403	0.95644963	0.96919876	1.0926483	0.95272704	1.0459515	1.0559195	0.97101192	0.98870846	0.98724623	1.0643034	1.160729	0.97223564	1.1034963	1.1043137	1.0536584	1.046254	1.1498937	1.0655653	0.99109199	0.97775228	0.94480847	1.0941507	1.1480133	1.0537017	1.0691749	0.9358203	1.0498987	0.95574154	1.1200267	0.91935503	1.0339086	0.96019934	1.1263691	0.94145577	0.89615238	0.95350848	1.0183313	1.0398114	1.1440787	0.96925592	1.1232051	1.006025	0.97882754	1.0155996	1.0334502	0.94312573	0.89984069	0.94276842	1.1034463	0.96995415	1.0167444	1.2094462	1.015061	0.9559437	1.0917435	1.1603076	1.0113244	1.1245214	1.1008871	0.87310602	0.88395369	0.86528663	0.98813812	0.96891911	1.1161646	1.0057362	0.91184117	1.1232828	0.99044863	1.0239558	1.039417	1.0096839	1.0420768	1.0302012	1.0613264	0.98755068	1.003726	0.90239015	0.98189704	0.92477743	1.0577138	0.95298157	0.91443299	0.93899647
0.8986115	0.78468611	nan	1.0143236	0.95075822	1.0530173	0.89512947	0.95448175	0.99363896	0.995973	0.93072494	0.99381836	0.90433423	1.0961111	0.79948675	1.1249645	1.1437717	1.0518747	1.0101142	0.97538279	1.1576408	0.96220948	1.1063441	0.98594964	0.97949396	0.94111743	1.0662835	0.91171631	0.91982885	1.0967891	1.0343396	1.1127519	0.97745638	0.92312469	0.99155345	1.028035	0.88673164	1.077092	1.10871	0.89738961	0.91307285	0.94430198	1.1712367	1.076777	0.94988267	0.95312817	0.92159471	1.090754	0.98711733	0.86690191	1.1281659	1.0196852	0.89327581	1.0514068	0.87524502	0.98611309	0.98191758	1.0612495	1.0583795	0.93554921	0.95520544	1.018417	0.89317807	0.92173369	0.93652619	0.92678456	1.0782542	0.97253986	1.1115933	1.0070677	1.0209135	0.95184543	0.95981552	1.1718371	1.0735358	1.0359397	0.92269077	0.94758277	1.0484434	1.0227317	1.0142324	0.99126551	1.0362549	1.0170986	1.0685434	0.77303797	0.89472386	1.0436444	1.0128443	1.127129	0.92462018	0.97510166	0.91482632	1.0356352	1.0574796	1.0881724	1.1360398	0.9628977	0.99536873	1.0361763	1.0086148	0.98226314	1.1845928	1.1053727	1.0018939	1.1258444	1.0098114	1.0368875	1.1233087	0.96231505	1.0335468	0.96542039	0.99673185	1.0821998	1.0750061	0.92191126	0.97431202	1.021271	0.82431282	0.94056408	1.0361666	0.99359284	1.1003036	0.91119646	0.85962228	0.81041725	0.88673552	0.82464036
0.79809509	0.93741135	0.84949002	0.97764473	0.86790585	1.0830684	1.0383061	1.0309678	0.90979179	0.94472427	1.1068696	1.1273449	1.019612	0.99390837	1.0164008	0.90968773	0.94803289	0.94788308	0.98448615	0.82851951	0.966198	0.849102	0.95446477	0.89553752	0.91090955	1.1235551	1.1962933	0.91990015	1.1215195	1.0900461	1.1152039	1.1350963	0.96712912	0.9836631	1.0980171	1.0283129	0.92821433	0.90492215	1.0694079	0.96913347	1.1620247	0.93708325	1.0533483	0.97464128	1.0214706	1.1077628	1.0725546	1.1033282	0.93337515	1.0068445	0.94685767	0.94915322	0.9763363	1.0899651	0.96097247	0.97623915	1.0932501	1.0631647	0.91313514	1.0376492	1.0591901	1.0943285	1.0332202	0.92069525	1.105486	0.95567763	0.91251241	0.99988575	1.0167145	0.98644343	1.0527531	0.94779021	1.0147414	1.1863332	0.94556219	1.1384693	1.1644841	1.0841116	0.92476172	0.98353867	1.0172253	0.93694503	1.0521172	1.0436739	1.2337719	0.8733251	0.91137385	1.0367074	0.97120789	0.9645681	1.0556428	1.0014933	0.97061943	1.0025402	1.024696	0.98172676	1.0491651	1.1809362	0.96593333	1.151029	1.2044514	1.0117785	0.98427975	0.84608503	0.98596925	0.95729554	0.94776585	0.96118693	0.8536979	1.0248061	0.96801701	0.95333892	1.1561368	0.89925716	0.93139672	0.97357997	0.98155672	0.88640526	0.9669709	1.0038281	0.99776632	0.81515414	0.89980305	0.96859916	0.85673214	0.87618129	1.0093184	0.82318181
1.0255188	0.90525467	0.91307987	0.92796091	0.95951474	0.83875375	0.90296951	1.0404412	1.1072995	1.0309256	1.0652518	1.0750858	1.047908	0.99186193	0.94420478	1.1001808	0.99410606	1.1171269	1.0025941	1.1082983	1.114001	1.0456127	1.0263711	1.129232	0.95239513	0.92766116	0.99556388	0.94107623	0.90376028	1.1601407	1.0674136	1.169656	0.9690513	0.97998442	0.95250249	1.0723621	1.0816595	1.0525592	0.9263495	0.95255207	0.93189045	1.1365349	0.94063087	0.92938464	1.0497834	0.88997715	1.0773199	1.0763773	0.95714471	1.0582511	0.87884491	1.0225232	0.97204966	1.0272826	1.1386529	1.0176983	1.0931539	1.1752882	0.98139082	1.1064446	1.1596051	1.0553983	1.0930381	0.99887224	1.0507727	0.99344325	1.0750688	0.95833943	1.1922321	1.0458445	1.0806949	1.0640057	1.1221447	0.92307356	1.0895766	1.0504573	0.90226631	1.1088772	1.1765142	1.0660475	0.8978107	1.1068646	1.0415726	1.0925654	1.1085063	1.0132337	1.0436888	1.1507133	0.96298409	1.0956521	1.0601442	0.88613276	0.9466442	1.0598848	1.1677536	1.0367632	0.89799368	0.89822436	0.92496133	0.91892827	0.92931229	1.0211454	1.0761007	1.1113007	1.0189406	1.1230491	0.95078187	0.94278893	1.0003702	1.0014278	1.0408548	0.94741309	1.053606	0.96032011	0.95906823	1.0217373	1.0508064	0.91667409	1.0511076	1.040869	1.0510193	1.0023612	0.98933699	0.83283663	0.89358005	0.92389118	0.83366868	0.87772708
0.96908161	0.95374038	0.93378698	0.85315783	0.82452093	1.0206517	0.87212215	1.1238044	1.1999545	0.90658805	1.050728	0.8648086	1.0931819	1.0089687	0.96745172	1.1733284	0.93566857	1.052278	1.096108	0.98623828	0.95377541	1.0959039	1.0353256	1.0897156	1.0249918	1.0317382	1.0919188	1.1023941	1.1147078	0.92878134	0.91741817	1.0632333	0.99651067	1.0142235	1.011155	0.93595611	0.89592202	0.77781659	0.89993964	0.9525176	1.0560267	1.066608	1.1161305	1.1866063	1.177091	1.0140459	0.93036064	1.062355	0.80470825	1.0506465	1.14068	1.0444966	0.91858788	1.0086345	0.91429943	1.0782017	1.0926646	1.0466356	1.0350001	1.0352133	1.1021331	0.93246371	1.0307723	1.0478415	1.2195185	0.98508293	0.9194818	0.9930257	1.0639338	0.94031246	0.81099062	1.0548359	0.94868717	0.93649541	0.91326204	1.0279764	1.1014054	1.0592114	0.89292738	1.0345128	0.97231793	1.0233859	1.0336696	0.97135697	1.038362	0.92837821	0.89136581	1.1068981	1.0586793	0.98421172	0.97744053	1.0633657	0.96268806	0.9351273	0.99883995	1.080399	1.050992	0.88435828	1.0663202	1.0672821	1.0618222	1.013115	1.114885	1.1959716	0.92364819	1.0947971	1.0401314	0.99240654	1.0707932	0.96926186	1.0386222	0.96741972	1.1672546	0.86620907	0.97595893	1.0575351	1.0013595	1.0101518	0.97543691	1.0753408	0.99837081	0.90325999	1.0263995	1.0068977	0.88314189	1.0223021	0.90430146	1.0046862
0.87934177	0.88418784	0.98040759	0.89175777	0.89849069	0.96938789	0.99285544	0.92036014	0.85118636	0.8838302	0.98566654	1.1885888	0.95338837	1.0293346	0.97142109	1.1071611	0.91982524	0.94966283	0.95963414	1.0847682	1.0785959	1.0378282	1.0553737	1.0687785	1.0079417	0.99542022	1.0703132	1.0218165	1.0639904	1.1780923	0.991374	0.9513761	1.0941968	0.99432141	1.1330125	1.0650702	0.85409404	0.91452181	0.91282709	1.0257719	1.0000137	0.90456298	1.1149141	0.94914479	1.0510167	1.0953705	0.9607373	0.9912665	1.0888495	1.1232394	1.1022123	0.93389482	1.0910011	0.96401286	1.1715863	1.0647077	0.99459757	1.0698212	0.95894876	1.1501413	1.150047	0.97537827	1.0377798	1.0913039	1.2119637	1.1727248	0.96488932	0.97175768	0.90903317	1.0727941	1.089324	1.0737668	1.0248014	1.013707	1.159545	0.98692515	1.0945571	0.93310404	1.1223051	0.85624025	1.058236	1.0372063	0.91491133	0.95546918	0.92816505	0.85000557	0.89422086	0.92921809	1.1121966	1.0041285	1.087967	1.0332823	0.94522546	1.0579504	0.99593871	1.0088116	1.1209324	1.0986542	1.0511155	0.92584556	0.92345242	0.94979199	0.92824027	1.1073756	0.99576791	1.0119488	0.90466241	1.0813366	1.0396301	1.0425196	1.085922	1.0242898	1.0363064	1.1500887	0.98503995	0.9461204	0.98995878	0.85953503	1.0884749	0.90326827	0.89971236	0.98145889	0.831516	0.79526507	0.99788849	0.73291035	0.89751795	0.89204513
0.85188466	0.79977609	0.88587686	0.84552246	0.94798346	0.78487634	0.99357785	0.92605581	0.98490625	0.88629968	1.1104497	1.0204484	1.0734847	1.1186253	nan	0.93468179	1.0479503	1.0421323	0.99255057	0.93115299	1.100404	0.95593719	0.95267522	1.0558724	1.1397665	1.0923004	0.7894726	1.1875672	0.9084282	0.81466186	0.95305424	0.89890268	1.1084956	1.0650515	1.0044518	0.9008863	1.0566446	0.91284959	0.93437773	1.0877476	1.2432429	1.0449797	0.99626685	1.0720587	0.99818361	0.94207062	1.0419659	0.93510819	1.0692718	1.0085935	1.0299731	1.0206085	1.1847762	1.0964995	0.928547	0.87691646	0.99988321	0.93144063	1.0278579	1.1197744	0.92659864	0.85238999	1.0216576	1.0095847	0.94962306	1.1400769	1.0842955	1.0429187	0.93081321	0.93277164	1.016317	0.80427162	1.0351769	0.91806266	1.0042004	1.084832	1.0034773	1.0268582	1.1056832	1.0313921	1.0696366	1.0503587	0.89229782	0.93118731	0.9512448	1.0063921	1.1610823	0.85432918	0.85198297	1.054173	1.0481837	1.029153	1.1147368	0.94147651	1.039387	1.1382569	0.96908195	1.0565267	0.96574131	0.9521495	0.99458454	0.90140458	0.92499389	0.97847426	1.0371911	1.0904937	1.0275214	0.94814249	0.95080185	1.0268017	1.0762661	1.054513	0.92972629	1.0925886	0.95964145	0.92370769	0.92823283	1.0038074	1.0123199	1.0096196	0.87569533	1.0701282	0.84022283	0.94125635	0.96553355	1.0009904	0.98601226	0.78731863
0.96166336	0.92455482	1.0589044	0.88163341	1.0115389	0.93038825	0.99328692	0.90561021	0.95875359	1.0468883	1.1323636	1.0465438	0.93249993	1.0197826	1.0495723	1.040969	nan	1.0188764	0.92695399	0.95910303	0.95507001	1.1394424	0.9543825	1.2149703	1.059692	1.1138685	1.1142457	0.98942687	1.0903233	1.0111549	1.0648416	1.0885501	1.0160391	1.0215958	0.99154778	1.0428607	0.92654835	1.0368802	0.91135368	0.96075948	0.95635893	1.091577	1.074789	1.0314646	0.90195219	1.1456433	0.99886393	1.0283913	0.92201938	1.1758325	0.97673548	1.0111089	1.0592142	0.97474823	0.91322146	1.1154195	0.92975669	1.0110883	0.99132789	1.0504581	1.010859	1.2071234	1.1457587	0.96012858	1.0289464	0.99552574	0.95343082	1.0686363	1.0014299	1.3154589	1.0856041	1.2569771	1.0792201	0.91664818	1.2064846	1.0378875	1.0609348	0.92333927	1.0009224	1.0703164	1.125724	0.93778388	0.95104932	0.93667114	1.0680018	1.0863989	0.98704022	1.1593205	1.0591747	1.0767056	1.0010219	0.9826697	1.079406	1.075148	1.0680597	0.93072508	0.94174086	0.96995901	0.96083193	0.99835304	1.0788743	0.98244575	0.98874419	1.0769333	0.94704379	1.0280276	0.9268677	1.0105935	0.93174184	1.0587005	0.93124063	1.0846216	1.0075084	1.0795275	1.0829107	0.95514045	1.0425374	1.0663373	0.89627718	0.91652639	0.97140289	1.0699761	0.97214668	1.0576087	0.81948398	0.90590117	1.0279315	0.75746324
0.82689539	0.83158011	0.87176506	0.98106073	0.9898754	0.87510735	1.043319	0.95407954	0.90430784	0.95141883	1.0389252	0.90746333	1.0680051	0.91533054	1.0836199	0.96632895	0.98846859	0.83812374	1.0767401	0.85225374	0.86243848	0.95665531	1.0598176	1.1053454	1.0242954	1.0322327	0.86582228	0.89701818	1.132334	1.0337157	0.85275722	0.98353454	0.90833591	0.95292892	1.0978519	1.08911	0.89177463	1.0552778	0.94506045	1.0724562	0.86661394	1.0043437	0.92129403	1.0171912	1.0259729	0.98436527	1.011005	1.0979497	1.0365638	0.9385605	0.94004643	1.0287467	1.0879476	1.1160069	0.98633535	1.0375442	1.0205302	1.1469322	0.92541747	0.97352074	1.1417883	1.0752983	0.91975295	1.1264216	0.92210082	1.0638743	1.0100979	1.0323109	1.0631945	0.9009092	1.1677195	1.1076746	0.98308807	1.0007992	0.84066888	1.0819001	0.98860768	1.0618506	1.0413165	0.94125344	0.9829201	0.87900598	1.050948	0.95062184	1.0633354	0.95080044	1.049203	1.0801049	1.0956472	1.1585321	1.0490256	1.1206812	0.91795445	1.0909147	1.0800003	1.1084496	1.0835765	1.047226	1.2204165	1.1648918	0.89784795	0.93843448	1.0602845	0.95200703	1.0151121	1.0314328	1.0281272	0.85598289	1.0917876	0.93388923	0.89607287	0.88224368	1.0290283	0.98891648	1.0665682	0.95342512	1.0040939	1.0570341	0.84830723	1.0881495	0.89679348	1.0814966	0.97790171	0.79043789	1.0136192	0.77669468	0.82263728	0.80802386
0.86787816	0.82360547	0.93140078	0.84055454	0.9578946	0.88307429	0.86593531	0.89588523	0.97853241	0.96287873	0.93317979	1.067112	0.92645132	1.00693	1.0505366	0.99559371	0.99162389	1.0941044	0.95773937	0.84900153	1.0761219	0.98465874	1.0761407	1.0058556	1.0213585	1.1412312	1.0037871	1.110157	0.91512306	1.0155454	0.81776626	1.1646803	0.98774206	1.0694964	0.92071689	0.92547141	1.0706832	1.2080324	0.99861567	0.97670264	0.91583536	0.96921519	1.1489494	0.91470687	1.0400907	0.99006465	1.0176939	1.0668142	1.1865511	0.9735671	1.0664224	1.1254206	1.0358116	1.1666721	1.0997158	1.0275527	1.1085253	0.89984298	0.94297695	1.1213075	1.1396065	0.92267067	0.95228332	1.0079921	0.92182816	1.0552264	0.95419848	1.0023196	1.0228192	0.97493906	0.8322038	1.0532255	1.1268772	1.1282815	1.1126555	1.115163	0.91419547	1.0556783	1.0496973	1.0186459	0.96330506	0.93987724	1.1389454	1.0368976	1.1014582	0.90168062	0.81069165	0.94395332	1.1729004	1.0875417	1.111411	0.98052845	1.0331923	0.99892074	0.94683605	0.95321799	1.0022148	0.97947691	1.0000238	1.1726371	0.92764182	1.0319429	0.93467108	1.1350132	1.0428802	0.91649588	0.94744249	1.1238098	0.99808494	0.90041765	0.97764711	0.862339	1.0388675	0.99271346	0.97955137	1.0248257	0.99142059	0.88976984	1.0025086	0.87156253	0.96299753	1.0764866	0.99224519	0.86640802	1.0167393	0.897158	0.88408078	0.86728935
0.90046869	0.75935714	0.8506555	0.88144007	0.84438602	0.99028755	0.93910209	0.95453228	0.94930718	0.79503118	0.81072011	1.0763877	1.0821065	0.99871829	1.0160335	1.0046681	0.96098301	0.99780107	1.0607774	0.87843474	1.0069537	1.0126827	1.051854	0.99193303	0.88433376	1.031282	0.99065475	1.0307078	1.1084636	1.0066766	0.89621357	1.130204	0.89069071	1.0572438	0.91159649	0.88534377	0.94794402	1.0579211	0.96314391	0.99739995	0.91542186	1.0153873	1.0871533	1.1559413	0.95788245	0.86241674	1.0308317	1.0341232	0.91279208	1.010453	0.92193182	0.91225674	0.95192721	0.95448833	0.95307014	1.0468829	1.0194954	0.96718212	1.0146376	0.987291	0.93226122	0.97795761	0.96285777	1.0040663	1.0904791	1.1086733	1.0781749	1.097494	1.0350362	0.88804733	0.94780323	0.90646324	1.0308493	1.0855048	1.0878185	1.0267402	0.99117686	1.137547	1.1232513	0.95346133	0.91203036	0.85251013	1.0678463	0.99883518	1.1640571	0.95905641	0.88548558	1.1546395	1.0709082	0.93004602	0.99170496	0.99159388	1.0868303	1.0494193	1.0586836	1.1153727	0.99034278	0.94589629	0.93691628	1.0616428	1.0379883	0.88906216	1.0473416	0.99698821	1.1685541	1.05291	0.84150091	1.0592791	1.0950496	0.96376259	0.91402665	0.89746287	1.0310346	0.95582951	1.1263749	0.90947381	0.93027951	0.8495414	1.0878702	1.0467796	1.0314624	0.96650013	0.87972409	1.0621339	0.82510583	0.95293993	0.81565628	0.87753722
0.9488875	1.0887083	0.7653761	1.0313894	0.912938	0.87836355	0.91587027	1.0380306	0.97659735	0.9411557	1.0141255	0.95223257	1.03686	1.0672162	1.1619852	0.98321759	0.97717776	0.99988881	0.89482522	1.0123133	0.95734582	0.99738825	0.89690987	1.0022557	1.1428912	1.1051048	0.956883	1.0945945	0.98070274	1.1161565	1.0026609	1.1195628	1.0893094	0.97753066	0.96036371	1.0280357	0.92996271	1.0007273	0.88895506	1.0256983	0.91953612	0.92138359	0.99572763	0.91304808	0.90742207	0.90506707	0.96901597	0.93112229	0.94509071	1.046472	0.96670181	0.92381036	1.0193265	0.92789942	0.92614557	1.0965271	0.98948509	1.0389388	1.0997178	0.9781845	0.97637456	0.95512498	1.0529736	1.071675	0.99080697	1.0026363	0.99105241	1.0029421	0.9866772	0.90960232	1.0963501	1.0090721	0.95243971	1.1238944	1.0558542	1.0033513	0.88750125	1.1538632	0.96247197	0.91346475	0.96408614	1.0424004	1.0458327	0.98790494	1.1700466	1.0975383	0.99026924	1.1093767	0.95160736	0.93236962	0.94334658	0.87286611	1.1464729	0.8922329	0.99883001	0.97629464	1.0113747	0.92020576	0.93779922	1.0118952	0.83951464	1.0381905	1.0714046	1.0474527	1.0276379	1.1567587	1.0083067	1.1497675	1.0220154	0.95739264	0.79090016	0.88308195	1.0847855	0.95799138	1.0785483	0.99049134	1.154702	1.0397344	0.96019326	0.90121754	1.0628861	1.0948754	0.86612787	0.9567186	0.96634701	0.76589071	0.76045177	0.95210642
1.0093244	0.74489421	0.98706239	0.899413	0.8908245	0.9501117	1.058073	1.009389	0.8610993	0.84419902	0.82939056	1.0235341	1.0082885	0.99404086	0.96092981	1.0900671	0.99638216	0.91986307	0.88615424	1.0120458	1.2049684	1.0459002	1.0884264	1.1089342	1.0183001	1.1225789	0.92645548	1.0340372	1.1693042	1.0790741	0.93769505	0.98619289	0.85283132	1.1050514	0.94009403	0.81130572	0.93649892	0.9005053	0.98978775	0.96495951	1.1220845	0.86858655	1.1695607	1.1377528	1.0260543	0.84361474	1.0324841	0.95657401	0.96866177	1.1158306	1.0804885	1.1052245	1.0277411	0.99897656	0.88556536	1.0814381	0.97086781	0.86598214	1.0844166	1.066378	0.93860717	1.0466691	1.0666966	1.0296706	1.1420152	0.98368468	0.97046402	1.121383	1.0612318	0.95100344	0.97593156	0.88064001	1.0068115	0.98280263	1.0733086	1.0928429	1.1095074	1.0535746	1.0298078	1.0010836	1.0097481	1.1756208	0.9678421	1.0691506	0.96779582	0.97023397	1.005852	1.0017218	0.96604541	1.123887	1.0051604	1.0298377	1.0383495	0.98201074	1.0450572	1.1058674	0.96759756	1.0862357	0.89889779	0.9807557	0.95246128	0.88435974	0.99346068	0.93914484	0.9039882	0.96213069	1.1013838	1.0224621	0.93270619	1.0206095	1.0497983	0.92145826	0.91194062	1.0827443	0.83965544	0.94300905	0.88797527	0.98355818	1.0178352	1.0226265	0.90458944	0.99119598	0.9478346	0.96735176	0.9753151	0.85352787	0.8608846	0.85993556
0.88465446	0.99677229	1.0079447	1.0277222	0.86754691	0.970222	0.74774725	0.95142619	0.84918768	1.1292826	0.8642773	1.0121102	1.001798	1.096236	1.055579	0.97977525	1.0632975	1.1191488	1.1144545	0.97086654	1.0077871	0.96888755	1.0537302	1.0505001	0.96113662	0.90755559	nan	1.0917989	1.1325355	1.0489149	0.99298299	1.1217682	0.99933361	0.98431273	1.0255293	0.90556774	0.97577522	0.84773877	1.0917168	1.1013881	1.2299563	1.0502411	1.0437755	1.0462846	1.1756798	1.1931989	1.015944	1.1526001	0.87651562	0.96457578	1.026117	1.0538633	0.83793917	1.0113188	0.81077113	1.0232954	1.1106048	1.0063434	0.96010433	0.96234193	0.93682666	1.1178851	1.0301441	0.95423242	0.90547345	0.86298195	0.98585206	1.0439676	1.0133911	1.0188458	0.91614342	1.1316575	0.98399816	1.1783291	1.0030525	1.0455482	1.1169798	1.0418442	1.2386209	1.0179259	0.95004431	1.0395198	1.0408411	1.090441	1.1253398	1.0105158	1.1385705	0.94616996	1.0496798	0.94513045	1.0128752	0.99139814	1.2159299	0.9120433	0.99066105	0.99781836	0.94737669	0.92797565	0.956221	0.91594147	0.90088898	0.89370246	1.1269834	0.97020775	0.98461747	1.0144651	1.0721237	1.1832776	1.0885813	1.1108809	1.0614067	0.97414197	0.91368299	0.99204429	1.0585072	0.92702489	0.95424156	0.95962197	0.97470445	1.0227601	0.98479921	0.889091	1.0156744	0.93226667	0.87242474	0.90344324	0.9838789	0.92140114
0.84074925	0.76556381	0.82792498	0.90475473	0.95395287	0.8770318	0.87447459	0.9583824	1.0278948	0.8144404	1.0315927	0.9350877	1.0110883	0.89205895	0.91947859	0.99512449	0.82872104	1.207881	0.93370866	0.86231826	1.1222036	0.99630795	1.0133063	0.91116688	1.0489539	1.182354	0.97204014	0.9164656	0.99551098	0.95875043	0.92417226	1.0291275	0.94688265	0.94792945	0.93088034	1.023729	1.0317715	0.93023425	0.98105066	1.0097257	1.012947	0.8330398	0.99905062	0.89751452	1.0057867	1.0159985	1.1481495	1.0765334	0.93386446	0.8804769	1.0609357	0.99697453	1.1206719	1.0071441	1.0336997	0.99534343	1.0940969	1.0864133	1.1553806	1.0035429	0.99825809	1.0385303	1.0916088	0.91466299	0.98770013	1.0293443	1.0713297	1.0893744	0.87213123	1.1080025	0.94863716	1.1219506	0.84604988	1.0054907	1.0478479	0.972689	0.94055671	1.2174225	1.0807886	0.97338831	1.1177205	0.96959176	1.0615518	0.97954923	1.0565812	1.0845816	1.1121665	0.93605569	0.9550872	0.98532316	1.1532855	1.0099145	0.91519562	0.97091422	1.0263855	0.92689256	1.0163172	0.95962976	0.96574381	0.96433565	1.1599502	0.91013476	1.0988894	0.98876078	1.0165093	0.99910064	1.070364	0.90483275	0.88174374	0.98466769	0.90930301	1.0687554	1.0516928	1.0212107	0.92600099	1.026181	1.0277322	0.87095695	0.79540029	1.0697625	1.0244698	0.88094536	0.85417442	0.92155242	0.89311988	0.84527085	0.89958222	0.83503823
0.73428987	0.81697988	1.0287635	0.91919478	0.97437483	0.84328324	0.84338667	0.88276133	0.90923725	1.0293173	0.90195025	0.95404085	0.9435716	0.91391302	0.98003934	1.0210797	0.85156089	0.96906127	0.94032088	0.97287258	1.1056671	1.0445481	0.99570518	0.79917534	1.0181272	0.89998357	0.9066409	1.0129296	0.97149538	1.0031314	0.91177366	0.96488337	1.0707499	1.0879189	1.0270881	1.0020335	0.94902513	0.83144584	0.89531083	1.0839916	1.0397129	1.0937028	0.973658	0.97258702	1.0170417	1.1520588	0.93302717	1.1538602	0.93105327	1.0647358	1.0464468	0.94735727	1.1521606	0.92127424	1.2069458	0.92082883	1.0471045	1.1656583	0.99735145	1.1797219	1.0262505	0.99332323	1.0974534	1.0180378	0.95847661	0.89543748	0.86036822	0.98623372	1.1636448	0.8844967	1.0116737	0.9254505	1.112882	1.0629664	0.94658768	1.1810534	1.1227206	1.0392956	0.88188375	0.97850885	0.97622524	0.96176323	1.11466	1.0629924	0.97103843	1.0370335	0.97535177	0.92995942	0.98306075	0.96237691	1.0126711	0.85549138	0.96924918	1.0827179	1.0391306	0.9538846	1.0434517	1.0144161	0.99689916	0.9603514	0.96841098	0.9588862	1.0128022	0.97799482	0.99341978	0.9568388	1.0395239	1.1230299	0.95488147	0.88822193	0.97716579	1.0214804	1.0451823	1.1954124	1.0024724	1.021329	0.89343204	1.1291389	1.0182381	0.91650431	0.99902025	0.96222288	0.89892099	0.74235226	0.9821336	0.89017165	0.81276046	0.7436703
0.79001227	0.90041483	0.84400923	0.93475164	0.90242684	0.93428695	0.93887717	1.1607692	1.0250876	0.97893231	0.82446508	0.88276372	0.99834619	1.008175	1.1405829	0.96986701	1.0532781	0.97700853	1.0030918	1.0953541	1.0506538	0.95519347	0.88753162	1.0314179	1.0386015	0.85386469	1.0548629	1.0313835	1.0501361	1.01565	1.0813278	0.96048673	1.1421649	0.99819836	1.0848429	1.1525144	1.039383	1.067868	1.0096243	1.0768185	0.97583865	1.0227353	1.0152795	1.0709048	0.92747034	1.0211539	0.89095035	1.0024814	0.93239192	1.0334776	0.92892411	0.89852372	1.1489351	0.92658669	1.0394021	1.1092683	0.93229721	1.0959481	0.91166332	1.0241226	1.0358482	1.1875299	1.0153813	0.92065301	0.97298901	1.0448411	1.014089	1.0797092	1.2937238	0.8863825	0.98031614	1.0848202	1.0472507	1.1472429	0.98710176	1.1544293	0.91750195	0.97777636	1.2423531	1.0363368	1.1155886	0.91994514	1.031781	0.90353732	0.92253005	1.0153663	1.0918912	1.0793914	0.98036571	1.0780721	1.0880737	0.91331323	1.1237255	0.97458576	1.1341879	1.0902912	1.0118977	1.0237447	1.0453752	0.95073429	0.95352711	1.0502157	0.92132823	0.93597713	1.109851	0.95573437	0.97721161	1.0874186	0.98193619	0.95047459	0.95207959	0.92638936	0.88586103	0.95076244	1.0198418	1.078892	1.088821	1.0645807	1.0584409	1.1745984	0.93777481	0.83110291	0.86030416	0.97056201	0.95077962	0.86478044	0.74926721	0.78049968
0.80637109	0.85917048	0.82186955	1.00448	0.98688103	nan	0.90365942	1.004778	1.0286116	0.83800588	0.91692945	0.85934767	0.87541386	1.0175281	0.90334344	0.93364132	1.0310222	1.0028107	1.0715617	1.0459384	1.0072726	0.9899395	1.092227	0.96368536	0.97989435	1.0243278	0.97309889	1.1334916	0.92067849	0.93884901	0.88685793	0.96979226	1.0570598	0.93148538	0.93823175	1.0689999	0.8696258	0.99870504	0.9353353	1.0309937	0.96858659	0.96738389	1.0276857	0.96222786	0.88029385	1.0300712	1.0571871	1.0764011	0.90549128	0.91455943	0.95546325	1.1095975	1.1790202	1.0266695	0.97355025	1.1328119	1.1118224	1.1069022	0.89150432	1.0820786	1.0003229	1.1593586	1.1115907	1.0518183	1.1513995	1.0132538	1.0742214	1.0226274	1.0004074	1.0408022	0.93222483	1.004301	1.0463734	1.2535896	1.0153358	1.1086375	1.0778458	0.96327637	0.98221355	1.0287978	0.89148741	1.0740848	1.0589404	0.96315862	0.96252153	0.95042124	1.0515808	1.1323848	1.1455159	1.0259144	0.99187541	1.0143281	1.0614407	0.90671338	0.91646699	1.0927774	1.2116812	1.1564461	1.0432145	1.0527285	1.0994735	0.87132895	1.036858	0.82110623	1.0480636	0.96620631	0.99697401	1.1581491	1.0764485	0.97343068	0.9602535	1.0180246	1.0334259	0.97268968	0.99899189	0.88298272	1.0276119	0.87357341	1.034824	0.99517982	1.0872666	0.92588353	0.99883085	0.84622919	1.0034911	0.87118816	0.93935576	0.70790773
0.89088437	0.9087482	1.0168087	0.86862946	0.94308543	1.0481324	0.89116017	0.78442872	0.94911291	1.0170738	1.0216171	0.98425995	0.91451817	0.88746715	1.094066	1.1091568	0.97517309	0.85266809	1.0201744	1.1188544	0.89037622	1.0044804	0.89350709	0.8941363	1.1436849	0.98071894	0.93466195	0.92202969	1.0195342	0.94035475	0.97723866	0.94320425	0.90931426	0.99552669	0.97580992	1.1727679	0.98463957	1.0393297	0.93868383	0.96880747	1.0686093	0.98578654	0.98626876	1.1564655	0.97179021	1.12714	1.0667363	1.1046257	1.1472292	0.97959212	0.93723561	0.85061884	1.0718952	1.2108654	0.99437231	1.0889613	1.1803432	0.91092426	0.96747943	1.0615583	1.091138	0.95868173	0.99389953	0.90891423	0.96533405	0.92580738	0.94662885	1.1523608	0.98013098	1.0449534	1.1979603	1.0823977	1.0745107	0.99178067	1.011368	0.9820171	1.0623706	1.100196	0.99690916	0.96621036	1.0764858	0.98617961	1.046454	1.0360704	1.0111842	0.96719635	1.088515	1.0609288	1.0817366	1.1005145	0.87880117	1.0233828	0.97496083	0.94010269	1.0731453	1.1970585	1.0294957	1.0184869	0.92822317	1.0316217	1.0048651	1.0175199	1.0781268	0.95520245	1.0632325	1.0438643	0.93600963	1.0007546	1.0721523	1.1728943	0.99291311	1.2242765	1.0639946	0.93133869	1.0180954	0.86959481	1.1053641	1.1001224	1.1378879	1.0358887	0.96477075	1.0585884	1.0782306	0.91326553	0.89157477	0.81059921	0.89261429	0.87445378
0.88881715	0.87451667	0.89371441	0.87520672	0.93353504	1.0028724	0.99877944	0.91008724	0.93778975	1.0503023	0.9165129	0.83576181	0.96212263	1.0701284	0.948055	1.0086234	0.96188116	0.96797804	0.90922365	0.9852895	0.93695644	0.99021132	0.94917747	0.97722403	0.95023721	0.98867593	0.96978759	0.99400238	1.0984729	1.0037554	1.0778577	1.0686435	1.081516	1.0043019	1.0313283	0.99264261	0.97862784	0.95969319	1.0810116	0.9876315	0.99676468	0.97922708	1.0684501	1.0420421	1.0093987	0.98275389	1.097775	1.0122896	1.0143625	1.0609187	1.0365261	1.0066462	0.95631097	0.95096698	1.0214939	1.1383398	1.0051588	1.0533146	1.0413863	1.1204916	1.0096936	1.0355514	0.93118647	1.0038201	1.1129029	0.9682873	0.97557131	1.005936	1.0102796	1.1416262	0.93996552	0.99351704	0.99788271	1.1730008	0.87088398	1.1151144	1.0977761	1.0658571	0.99127588	1.187427	1.0018026	1.0942125	1.0913526	1.1433342	0.9053588	1.0346627	1.1240655	1.2138025	0.96709849	0.91804696	1.1921293	0.90614527	0.98189252	1.0319888	1.1331215	0.96910311	1.04195	1.1062963	0.8756384	0.96439983	1.020374	0.9233001	1.0343791	1.0295463	1.1913072	0.99707014	1.0516359	0.95445561	1.1733365	1.0208612	1.1138357	0.92535619	1.0494754	0.97300089	0.93131615	0.91445794	1.0920354	0.86265046	0.91967989	1.0029943	1.060107	0.86918417	0.96492445	0.90438679	0.83905073	1.0439515	0.96527222	0.93804045
0.8915266	0.96557488	0.88691938	0.92605236	0.94151601	0.93738602	0.81359603	0.82497785	0.83901587	0.96975094	0.88672086	1.0574022	0.92662383	0.98544951	0.90491629	1.0325446	1.0081885	1.0171572	0.97654484	0.93822743	1.0154379	1.0110264	1.0098609	0.90804837	0.92909881	1.009471	0.98645547	1.0215318	1.0452789	1.0869632	1.0627985	1.1433014	1.0550373	0.94543091	1.1485578	1.0417589	1.0446979	1.0984867	1.0715777	1.1058766	1.005593	0.93853483	1.1982305	0.95804512	0.81585151	1.0254463	1.0488547	0.89537742	0.90494707	1.1484627	1.1008038	1.0671112	1.1273351	0.99095639	1.0472217	1.0599694	1.1746127	1.0469423	1.0271066	1.0773976	1.0554393	0.99944307	1.128405	1.0422429	0.9636217	1.0108602	1.0628488	1.1080228	1.0228339	1.0343972	1.050147	1.0215045	1.0524176	1.0027156	1.0229088	0.91397408	0.86167074	1.0754065	0.96682215	0.96840869	0.92423904	1.0336844	1.0022484	0.98444853	0.99004009	0.90034174	1.0730498	1.074929	1.0077948	1.0393367	1.1821309	1.0092871	1.1492331	1.1159658	1.0819095	1.0324794	0.81405785	0.94557484	0.88413872	0.88829684	0.99041849	0.9095629	1.1149096	1.167248	0.98007653	1.0619056	1.0715582	1.176419	0.95366217	1.0960711	1.185182	1.0407847	1.1226514	1.0067743	0.99021793	0.99532949	0.99742428	1.1099249	1.0404554	1.0349322	1.0452647	1.0101545	1.0343282	0.98219339	0.85625879	0.79157055	0.84123056	0.87225958
0.7936557	0.83008113	0.90943687	0.89232014	0.99231458	0.90638556	0.95677783	0.95727321	1.0551742	1.005927	0.88681565	1.1211106	1.0073798	0.99854746	1.1381744	0.96319803	1.0592042	1.0920475	1.0202941	0.99295737	0.90796377	1.0424933	0.96783808	0.82631993	0.86064017	0.97597191	0.88955935	0.87601261	1.0842867	1.0341004	1.0096755	0.94748222	0.93720053	1.0522922	1.0918075	1.1703362	1.0769503	0.99714603	1.0314903	0.92958315	0.95909305	1.0410587	1.0777036	0.95779293	1.0194158	1.0653684	1.0281908	0.99915456	0.98884107	1.2104237	0.87356818	0.9208772	1.0790169	1.0595536	0.93209056	1.1251903	0.9879011	0.97240593	0.83343336	1.0385173	1.0784014	1.0561754	1.1413088	0.93498778	0.93911014	1.1379029	1.1034256	1.076149	1.0925006	0.98636024	1.0257413	0.99022646	1.0685255	1.0064968	0.89514082	0.97890371	1.1247287	1.1291565	0.98734905	1.1242038	0.89709044	1.0763431	0.98772119	0.99426032	1.0304064	1.0270482	1.1040379	1.0997471	1.0281963	1.0667367	0.90024206	0.79715422	0.93590854	0.98298622	0.99004449	1.1092687	0.97707376	1.0354942	0.91224321	0.95779328	1.0839726	0.95723734	0.91538119	1.0407835	0.97934396	1.0441389	0.91598322	0.82619548	0.98728985	0.86163018	0.92442029	1.0683673	0.96980013	0.85971431	1.1191389	0.95544272	1.1117838	0.88174896	0.92745902	1.0747006	1.066685	1.0115956	0.90647169	0.85512879	0.92434475	1.0030293	0.91769024	0.78792461
0.83317205	0.78894636	0.86870111	0.86480655	1.0615931	0.98747882	0.96053244	1.100383	0.96654791	0.87877919	0.96663683	0.99786415	0.99804417	1.0906878	0.95782823	1.1243765	0.95643255	0.96892416	0.89189303	1.1184066	1.1637911	1.0692608	1.0339205	1.0913445	0.91003484	1.0064948	0.91771658	1.0139872	0.93521954	0.99940748	0.96278924	1.1977316	0.93138412	0.94205216	0.89632074	1.0738049	0.95962197	0.91790008	0.91286857	0.98868442	1.0495463	1.1876522	0.94552008	0.95069426	1.2193089	1.0365553	1.0717957	1.023507	1.015619	0.9889046	1.0601082	0.98323088	0.94268142	1.0223692	1.0974411	0.97782553	0.95262669	0.92020113	1.1183682	0.95326418	0.91139328	1.110785	0.91833988	1.0677457	1.0172672	1.1349831	1.0948969	1.0725658	0.84892907	1.0141898	0.96320325	1.0077744	0.94342166	1.1179068	1.2022345	1.0306304	0.86127559	0.96378302	1.1870341	0.96694962	0.96079737	1.0544027	0.97906859	1.1602356	0.98870612	0.92862881	0.84645383	1.0681741	1.1828441	1.0183176	1.1276739	1.0167845	1.0549811	0.97879857	1.0807516	1.078286	0.89636439	0.88292395	1.1510389	1.107305	0.96154273	0.8360965	1.0371422	0.99625023	1.2138724	0.91762917	1.1571093	1.1238514	1.0881373	0.87936428	0.9757082	0.99659322	0.9561131	0.99460788	0.99146411	0.98255986	1.0520449	0.97670045	0.85364161	0.99875627	1.0924659	1.0788418	0.97142273	0.89680634	0.8612282	0.8902786	0.72878083	0.77783554
0.88286747	0.91042419	0.81894867	0.97227417	0.83235223	0.92774957	1.0230833	0.90756121	1.0859888	0.9412201	1.0662333	0.99088132	0.9657263	1.013378	0.94597827	1.0233501	0.88633392	1.1348729	0.98238751	1.1034927	0.88760758	1.0595467	0.87048009	0.91144258	0.89803436	1.0368602	0.94762279	1.0102394	1.0152894	1.1916481	0.93328656	0.96515994	0.94290883	0.85244296	1.0930889	0.98636926	0.94965994	1.0273017	1.0215255	0.96464785	0.88121541	0.90997828	0.91152212	0.986813	0.9278452	0.85841066	0.79310562	1.0297109	0.85894129	1.1046084	0.98734047	1.1131297	1.0284708	0.9673328	1.0212606	0.86584859	1.0002894	0.85647126	0.9495637	0.98516097	1.0396441	0.95800868	1.0235892	0.9803252	1.0711834	1.0970368	0.97845313	1.1980055	0.97153166	1.0340935	0.96393562	1.0326331	0.96455305	0.9791655	1.030015	1.0063431	1.0136074	1.1575469	0.85310985	0.83772583	1.076181	0.92957431	1.0164711	0.95789631	1.0647319	0.96418666	1.0629265	0.86413643	1.0421868	1.0403786	0.92898148	0.94341289	1.0207883	0.94645811	1.1300166	1.2089274	0.99680432	0.95422486	1.0899921	1.0639357	0.97864777	1.1147727	1.0764695	1.0488922	1.1993052	0.99758687	1.0520957	1.0972827	1.0309098	0.89731936	1.0625229	1.054918	1.1409616	0.93919414	0.91950259	0.91987407	0.95409704	0.92736518	0.96001636	0.96956945	0.93065859	nan	0.99784639	0.9012788	0.91453461	1.053162	0.8811785	0.91023379
0.93772196	0.86483395	0.8414778	0.82174083	0.9305745	0.94535287	1.0977204	1.0043206	1.0157307	1.0362261	1.0150526	0.96477492	0.92247509	1.1146046	1.0938326	1.0444795	1.0455487	1.0623176	0.97494429	1.136874	1.0678219	0.94930535	0.94331579	1.0145946	0.92125367	0.94698567	0.9076931	0.84940509	1.0637641	0.8619427	1.184022	1.1459968	1.0804367	1.0516796	1.0260596	1.0481446	1.0093558	0.86919896	0.92075739	1.0456831	0.97888635	0.96408905	1.0313037	0.99805926	1.0973111	0.85615944	0.98705645	0.93736904	0.96221527	1.0115138	1.0319676	1.006946	1.1097339	0.92463723	0.91820925	0.90775865	0.96257605	0.91410856	1.0204571	1.0860296	1.0815212	0.89387434	0.9507665	0.86478362	1.1036357	1.079652	1.1339844	0.99478994	0.9042751	1.1218787	1.047256	0.99825284	0.92196697	0.96977545	0.99254169	0.91149813	0.91614604	0.92566945	0.98271547	1.0598782	0.99295964	1.0511851	1.137251	0.98590296	1.0098707	0.96584635	1.0738065	1.2264564	1.0157741	0.9314806	1.005633	0.92432777	1.1014393	1.0756694	0.95482976	1.0688371	0.97351254	0.93166293	0.90152441	0.94710033	0.92867771	0.99602662	1.0780727	1.040567	0.92050502	1.0770993	0.9661728	0.96629712	0.85369717	1.0926607	1.0037294	1.0715268	0.94493648	1.1782802	0.83487799	1.0273491	1.0262949	1.0066006	0.91665174	0.88711768	0.902103	0.95309157	0.90083803	0.8682243	0.89914166	0.92342673	0.78099418	0.79205608
0.80309106	0.81585165	0.91114137	0.90381501	0.9126758	0.99344551	1.0562334	1.0386943	0.85886579	0.8143345	0.97623742	0.99006049	0.88035623	1.0336025	0.91655853	0.9866331	0.93865789	1.1395199	0.94337258	0.87483818	1.113167	0.93409244	0.98451656	1.0713025	1.0667785	0.92520117	1.1008301	0.91176527	1.0894798	1.055234	0.88738422	1.1569514	1.0519207	0.9679864	0.81913013	0.97269898	1.0522114	0.93747885	1.0232062	1.0448105	1.0966831	1.0131498	1.1329093	0.87637937	0.92000171	1.0264642	1.0675953	0.91775207	0.97129793	1.1373817	0.96225191	1.2151585	1.1205	1.0358045	0.90489921	0.99561124	1.0595861	1.0286446	1.044307	0.89103994	1.0386704	0.95487106	1.0368611	0.94164919	0.97342868	1.1040697	0.99011901	1.0140776	0.87775742	1.1337666	1.1264858	1.0610242	1.1112094	1.0651239	0.96283178	1.0368094	1.0949968	1.1297014	1.0038045	0.94872443	1.2045978	1.0354241	1.0018854	1.055263	0.884334	0.90937975	1.1690089	0.94504417	1.1896827	0.94802588	0.9602439	0.88103954	1.0494848	0.86033935	1.0889045	1.0147644	1.0577651	1.0790106	0.98701568	1.1723124	0.97460931	0.92674207	0.86642448	1.0139733	1.063	1.1182819	0.9444905	0.92062203	1.015921	0.85964037	0.99839739	0.96899715	1.0153407	1.0451954	0.94414881	1.0173998	0.86615242	0.98662234	1.1559524	0.85579965	1.0005461	0.81436049	0.89126202	0.89322262	1.033932	0.74904943	0.89418298	0.85796866
0.88715678	0.88979756	1.0543936	0.9921379	0.99122955	0.86195977	0.93680505	0.87634264	0.99241079	1.0025103	0.9961578	1.0134214	0.95900319	1.0681657	0.85851517	0.93464201	1.0077083	0.96321667	0.93196698	0.81059497	1.0640732	0.9664959	1.0160895	1.0659279	1.0124881	0.95447444	0.88553922	0.96860338	1.0729021	1.0670345	1.2803174	1.0582259	1.0817563	0.99631549	1.0914485	1.0798578	1.0453262	1.1635955	0.95878948	0.95786197	0.93091572	0.94492591	1.0778741	0.82573817	0.96560419	1.0419099	0.86096615	1.1611093	1.1196631	1.0905496	1.0679521	1.100161	0.90679496	0.98315185	1.0071174	1.0547602	0.90845891	1.1112069	0.93910486	1.1729835	1.0966598	0.98762045	0.96848215	0.98851665	1.0533666	1.1092589	1.0462983	1.0442415	0.93284345	0.86482512	0.88862867	1.0487491	0.98893991	0.93823635	0.88247776	1.0069297	0.93528244	0.93252294	0.93527698	1.0772116	1.0258862	1.1346773	0.97804908	1.1273747	0.95228539	0.94101443	1.0979279	0.99460077	1.0999306	0.97964572	1.1388409	1.0125879	0.94201322	1.0602916	1.0070481	0.91875467	1.0126498	1.1712695	1.0201725	0.9460784	0.97603208	1.0453296	0.93260708	0.87323032	1.0366938	1.0129893	0.95278505	1.0672336	0.96843754	0.89671158	0.94964685	1.0656058	0.84852092	0.932979	1.0562374	0.98048531	1.0849888	1.0958701	1.0567545	0.9742597	0.81199596	0.90607329	0.91887737	1.0174161	0.87883787	0.89770535	0.80788643	0.89852402
0.84437768	0.82170893	0.93934155	0.99783979	0.99520975	0.97103992	0.91722189	0.9098989	1.1016525	1.1198487	0.95086555	0.96182288	1.0565782	0.93646364	1.0135547	0.93913289	0.96279669	1.034329	0.96134355	0.97000023	1.0426813	0.92821915	0.90397856	1.0575934	1.0562142	1.0860014	1.1576932	0.97436268	1.048338	1.032173	1.0595317	1.0463215	1.1700668	0.92601467	1.0415091	1.0253211	0.92834561	1.0411545	1.0152755	0.84154812	1.2102333	0.99910378	0.89845629	0.82850233	1.09627	1.0917519	0.92809067	1.0157744	1.10959	1.0876562	0.97640295	1.0387421	0.98159595	0.92378801	1.1165896	0.91681908	1.1336599	0.9980112	0.95644767	1.0565838	1.0154131	0.9508042	1.0762213	1.2368155	1.1455732	0.88921902	1.0374995	1.0149048	1.1059349	1.1138444	1.1365263	1.1151983	1.1727457	0.86356298	1.1222119	0.99507722	1.0061025	1.0499128	1.0553523	1.0481843	0.93723206	1.0214532	1.0416761	1.0829262	1.0307691	0.99002773	0.87376482	1.0817895	0.96946481	0.86929148	0.99871097	1.0560191	1.124349	0.89145466	1.0241762	1.0777517	1.0741193	1.1190361	0.97532101	1.057345	0.96353352	1.0347106	1.0830569	0.96495443	0.87832074	0.91434917	1.0517285	1.126658	1.0274089	0.9342314	0.92282298	1.0200228	0.8900893	1.0912964	0.96502998	1.0683612	0.9863749	0.93268107	0.88573361	1.0749005	1.038205	0.90190619	0.77529848	0.74818202	0.8001141	0.95651844	0.89211638	0.81416458
0.84005316	0.78471218	0.83593102	0.91564401	0.93649758	0.95037778	0.8712209	0.95153126	0.91459771	1.0080234	1.1471852	1.0837588	nan	1.0923895	0.91611633	0.90941449	0.79952007	1.1327989	0.96970285	0.80558548	0.98183519	1.0082537	1.2131704	nan	1.1373799	1.0352478	1.1440733	0.97529818	0.91390373	0.90672845	1.1705104	1.0760756	0.96595898	nan	0.97384543	0.90603605	0.87615118	0.9063768	1.1279111	1.0390091	1.0646737	0.91946691	1.0174617	0.9040669	1.0178156	1.1173776	1.0228512	1.0288404	1.1216899	1.1814157	1.0627481	1.0075688	0.92981661	1.0896368	0.93335489	0.91369368	1.1304974	1.0790335	1.1533698	0.89980684	1.0288442	0.97056546	1.0597946	1.1738636	0.87364811	0.99481916	0.98849621	0.98674235	1.0367961	1.0910187	0.9925784	1.0779152	1.1186354	1.0293045	0.86455072	1.0138978	1.0357204	0.95798863	1.0519395	1.1292302	1.173059	0.96213135	0.97041529	1.0054853	0.98811644	0.99387659	1.0433074	0.90576553	0.95821998	0.96292619	1.0759573	0.97379709	1.1528021	1.048043	1.1305323	1.1339292	1.1546195	1.0033018	0.93343466	0.96302407	1.0828999	0.95252981	0.99205088	0.96915643	0.92937409	1.0753657	0.96683615	0.9362034	1.005	0.99035071	0.94533947	0.94525308	1.1356506	1.0262208	0.97638648	1.0220546	0.81003891	0.95922419	1.1618736	0.96494423	1.0474479	0.98540377	0.94279614	1.0531003	0.99037069	1.0997487	0.8821552	nan
0.93092455	1.0235329	0.80522623	0.88740175	1.002236	0.90025293	0.78050766	0.87170333	0.96512065	0.97858019	0.92805251	1.0850506	1.0104823	1.084725	1.1535082	nan	0.92874244	0.87426278	0.98322584	1.1448061	1.0154334	1.220369	0.98253051	1.0230502	0.93990353	0.95981876	0.88105369	0.86520043	nan	1.0264525	1.0349812	1.1572904	1.203188	0.79083044	0.91259446	0.74407009	0.89180871	1.0059505	0.92944104	0.91548574	1.0350964	0.93844337	0.88011218	1.0101649	0.96751153	1.0959771	1.1528428	1.0712408	1.1234298	1.0917861	0.97087854	0.88344996	0.97109439	0.94418531	1.1069985	nan	0.85046557	1.1020222	1.0318688	0.82485516	1.1890472	0.99931777	0.87122377	nan	1.1280833	0.88410152	nan	1.1763218	1.0275702	1.0624327	1.0756371	1.0156828	1.1047848	0.87240143	0.78309799	0.9426418	1.0350338	1.0260929	1.0008061	1.1204495	1.0371599	0.95864493	1.0732713	0.90532029	1.1379472	1.1878928	1.0135884	1.0531481	1.0808957	0.99057023	0.9653746	0.90072225	1.0222696	1.1215563	0.99916615	1.0410346	1.0396791	1.1271833	1.0655356	1.0384712	0.93337297	0.91256472	1.1213689	0.95850315	0.96274915	1.0161561	1.0396996	0.89644234	1.052016	1.0731869	0.89516973	1.068871	1.0564322	1.1114089	0.98517139	1.15622	0.9876461	0.91689689	1.0779742	0.9983568	0.88467158	0.86200283	0.84559136	0.93952894	0.89199321	0.78519218	0.70771424	0.93797299
0.80547543	0.81578286	0.91053877	0.90316685	0.88662991	1.0217742	0.88311958	0.89945646	0.89637838	1.0025206	0.92285341	1.0927607	1.2343715	0.92925444	0.95514427	1.0239407	0.87384548	0.97033139	1.1395324	0.84024456	0.92746837	1.1524859	0.9754313	nan	nan	1.1034681	1.0761899	0.92045152	0.9869833	1.0079784	0.9260204	1.2114132	1.0064913	0.88612136	0.92717361	0.89132549	nan	0.89870749	1.0962002	1.0227276	1.0575784	1.0137208	0.98130757	1.0856255	1.1043135	1.0007832	0.95177755	1.0528444	0.93609953	0.8722361	1.0447315	0.99741431	1.2412352	1.1478855	1.0258716	0.99897204	1.0742506	1.1738854	nan	1.2493944	0.98722007	1.2097294	0.90473175	1.1143172	1.120994	0.85861577	1.0872607	1.0008017	0.98852301	1.0900127	0.98780606	1.0893421	0.97301094	0.88591514	nan	0.98500805	0.85062946	0.85379451	0.85541637	0.92650962	1.0158229	0.99634658	1.1226064	1.0124956	1.0300238	1.0283452	1.0763195	1.0720995	0.88144662	0.90735109	0.99501379	1.0277475	1.0276423	1.0300294	1.1666949	1.1226213	0.97378039	1.1472936	1.1335541	0.99442659	1.014162	0.99597174	1.0287133	0.98978644	0.97028975	1.1301894	1.0934878	0.91562549	0.96560525	1.0959055	1.0634657	0.97938681	1.0315662	0.93909563	0.97031948	0.88637565	1.0279173	0.92333672	0.96910921	1.0570107	0.93910693	0.99344584	0.96993897	0.98083472	0.80526603	0.84677233	0.89900876	0.95748039
0.83713379	0.78465564	0.93808733	0.76990472	0.86876438	0.96464445	0.86043146	0.83515777	0.88322493	0.85245282	0.97410012	1.1501089	nan	1.0590869	0.82742993	1.0173783	0.91508139	1.0560789	0.90170627	nan	1.0500723	1.0216747	0.96616682	1.1173342	1.1909065	1.1977668	0.88693725	0.89276679	1.1153892	1.0832589	0.77101811	1.0065779	1.0676579	1.1780137	1.0690195	0.9741343	1.0270841	0.9316919	0.93500267	0.91758525	1.0154757	0.94694295	0.93682438	1.1223514	1.0641285	1.2325836	0.99294313	1.0376388	1.017474	1.0458035	1.0197821	1.1059697	0.98505673	1.0111122	1.085821	1.0929846	0.90985744	1.1132783	0.92524628	1.0741089	0.94660909	0.90347143	1.0924496	0.96653025	1.1144512	0.89214288	1.0211586	1.0754911	0.9256515	0.82451727	0.98126205	1.0226374	nan	0.79208508	0.805261	0.95507393	0.85475336	1.0462976	1.0642967	0.99069833	0.87151926	nan	1.0844729	1.0159744	0.87174781	1.1680712	0.89850581	1.0950274	1.0799685	0.98393172	0.94540886	1.1834636	1.1732768	0.95774471	1.0035486	1.0172694	1.06228	1.0008634	0.95244638	1.050344	0.98073559	0.99499853	1.0076901	0.97184486	0.95543227	1.2833663	0.98054188	0.90344139	1.1190217	1.0127595	1.0279206	0.98838364	1.1122444	0.95641202	0.8861672	1.140489	1.0693518	0.94708796	0.845654	1.0648194	1.0350595	1.0923724	0.84462027	0.83173312	0.84179669	0.87293488	0.91885944	0.85593481
0.82307373	0.89962401	0.74127759	0.8237827	0.93672661	0.90541718	0.84130229	0.9339426	0.95285292	0.89544663	1.0881356	1.0660132	0.85545609	0.81995877	0.9365945	0.75933753	0.93513858	1.1108755	0.96192715	1.1853636	0.89374753	0.91420846	1.0903533	0.946985	0.90073688	1.1641035	1.0088787	1.2174109	0.94029368	0.7570052	1.1291207	0.98053533	1.0004499	0.83080562	0.98720678	0.90478856	1.127745	1.0009476	0.9556977	1.021637	1.0948118	1.0970681	1.1716072	0.97577719	1.0653599	0.97274065	0.96473763	1.0564795	0.97727917	1.1280462	0.97715199	0.94330675	0.97799459	1.0256639	0.94471986	0.9859185	1.0390248	0.918595	nan	1.0183632	1.0801747	1.0403047	0.8510932	1.0530771	0.92551644	1.0480111	1.0947526	0.90703849	0.92019984	0.90574243	1.2174551	1.2111855	1.1241568	1.0896851	1.0964143	1.04611	0.98484403	0.96304852	1.0063535	0.95197453	1.0432132	0.92706221	0.9474055	0.97912654	1.0880238	1.0518763	1.0245816	1.0921233	1.1206131	1.0317149	1.0732957	1.0409375	0.94665175	0.93862314	0.95629157	1.1079798	0.99645011	1.0032659	0.98335783	0.98985549	1.0966894	1.0730592	1.1105724	1.062744	0.94120969	0.96650431	1.1250779	0.94478084	0.94964549	0.92974729	0.85784411	0.98965458	0.9335733	1.0032358	0.95704533	1.0078999	1.078829	0.93522441	0.92724438	1.040596	0.90219316	0.94290772	0.97594007	1.0113742	0.86857205	0.91156319	0.81643639	0.80027524
0.95211523	0.89351239	0.74570663	0.80942461	0.9577002	1.0305873	0.95891341	0.85081683	0.91103077	0.85380526	1.0012453	1.0412804	1.1614014	1.0649854	1.0517306	0.85381749	1.077381	0.7660755	1.0563458	1.0371569	1.0369713	nan	0.96663763	0.90735993	0.99614432	nan	1.1384047	1.0352508	1.1093451	1.0680064	0.97413049	0.98104269	0.89912763	1.0273683	nan	0.94590678	nan	1.1827982	1.0633992	0.88986543	1.0622817	1.10724	1.0250758	1.0174834	1.0760662	0.87625605	0.99415501	1.0638526	1.0184926	1.1391409	0.978635	1.0000005	1.1541021	1.2412377	0.82957394	1.0123695	1.0119603	1.0137178	0.83866315	1.1827318	0.98061573	1.2366381	1.1275381	0.97133019	1.0532124	1.0328185	nan	1.1414756	1.0474429	0.98046511	0.80348203	1.1369039	0.96043284	1.1032006	1.1842171	0.97120731	1.112976	0.95601981	0.93025651	0.93645666	1.0521858	0.98013395	1.0793441	1.1747401	0.98988207	1.0088275	0.96132946	1.1511091	1.0516236	0.97689185	0.94436069	0.9717916	1.0204258	0.89066225	0.96398508	0.99493605	1.0251104	1.121324	0.98064868	0.86670114	0.94681007	0.96928999	1.1805247	0.91378812	0.89457626	1.0563576	1.125284	0.97271328	1.126235	0.94314559	1.0464007	1.0240655	0.90912985	0.86609418	1.0423482	1.1083794	1.0489652	0.97514677	0.86076549	1.0890204	1.09487	0.92013893	1.027719	0.91368483	0.91851943	0.89689103	0.8276832	0.92002237
0.79933423	0.84320793	0.86882779	0.92638147	0.86164431	0.95703742	0.93260988	0.95722357	0.93368506	1.0126574	0.96964923	1.0486687	1.0309361	0.89651621	0.88601225	nan	1.023046	0.99733331	1.0845395	0.97471288	0.8269469	1.0080044	0.84673108	0.97403954	1.0888384	0.76390954	0.90690107	nan	1.0415708	1.1828443	0.94701196	0.85154692	0.93918021	1.1833055	0.95194465	0.86412168	1.0686615	0.9857249	1.0034055	0.92633369	1.0805803	1.0306499	1.0260226	1.0686866	0.89617933	1.0479455	1.0530577	0.80294601	1.1097137	1.0647975	0.91681062	1.0912697	0.98495537	nan	0.95600786	0.91072677	1.0184166	1.0872134	0.9851697	1.0128898	0.87133168	1.2301095	0.97168783	1.1217308	0.99851924	1.1156053	1.1499035	1.1078694	0.8307803	1.0692706	0.9269834	1.1173619	0.93980837	0.93349109	0.99603542	0.88041067	0.95942687	1.0498138	1.0058348	1.0011548	0.93112997	1.0023743	0.93054482	1.0110003	0.87619461	1.0537369	0.85749009	1.0556271	1.0402059	0.97698891	0.9561847	0.94895114	0.90543941	0.95328423	0.99496348	1.0797515	0.96151128	0.9729788	1.1136549	0.89745986	1.0058859	1.1235781	0.92982309	1.1805598	0.91078731	0.96270645	1.0223635	1.0393883	1.0131145	0.90786699	0.94062783	1.0389572	nan	0.84054878	0.9893993	1.0106249	0.98246731	1.0790425	1.0393833	0.92863448	0.78976251	0.86408136	0.92887216	0.9259009	1.0490085	1.0549186	0.88070473	0.81185601
1.0144842	0.81899617	0.86663871	0.82023946	0.85227536	0.94914844	0.80965029	0.97425761	0.92109222	0.9279153	1.048555	1.0166235	0.84722537	1.086114	1.1662891	1.1177197	0.81341928	nan	0.99440602	1.0224443	0.98807748	1.0833859	1.083201	0.83951721	1.1495396	nan	1.063534	1.0687942	0.84483115	0.94061508	0.9735326	0.91977608	0.86495425	0.94607752	1.1371048	0.74282157	0.96036206	0.98678112	1.0929009	0.98108145	0.99049648	1.0718464	1.0621871	1.0864091	0.99506742	1.0388984	1.1347381	1.143324	1.0630417	0.92854857	1.004984	1.1328381	1.0384174	0.8234828	0.95111932	1.1014913	1.1264995	1.0861039	0.9581094	1.1951032	0.97893815	0.95853005	1.0127797	1.2099011	nan	0.85143209	0.86565343	1.0147084	1.1567801	0.9869101	0.99413816	0.87891073	1.1701232	1.0017693	1.1852351	0.98987927	0.99696583	0.90766755	0.93082241	1.1254069	1.0813544	1.0165929	1.0543957	1.0073943	0.92987788	1.1143255	0.95167713	1.1208469	0.96192162	0.99028532	0.84364986	1.0671155	1.0360483	1.0499993	0.90333869	0.85713521	0.96060672	0.89415082	1.0474858	1.1324474	0.92189118	1.1333264	0.94910472	0.98923775	0.88421302	0.88504917	0.94166745	0.93921569	1.1846582	1.0319794	0.8069943	0.95738495	0.99189566	0.88689353	1.0794573	1.0196264	1.034272	0.98443574	1.0205842	0.96655991	0.86772796	0.9552476	0.98040762	0.84488507	0.88381101	0.93621102	0.99962777	0.88934189
0.83894778	0.84888784	0.88090097	0.8135597	0.77105089	0.99018276	0.88602718	0.84989778	0.97313228	0.88034104	1.0581996	0.90240068	0.84666283	0.87473941	0.97614077	0.91566221	0.88181783	0.87350584	0.97647165	0.99582962	1.056964	0.85225883	1.144468	1.0227996	0.96081993	1.0094602	0.87162283	1.1571116	1.1157589	0.96714285	nan	1.0199642	1.129777	0.95255452	1.1760647	0.96586277	0.97874597	0.81030057	1.1089728	0.89300456	0.99107903	1.1288428	1.0012635	1.0242414	1.0957744	0.94164937	0.98538678	1.0608028	0.92295054	0.90007465	0.87665723	1.0804133	1.0875591	0.88452223	1.0667435	1.1198431	0.82215366	1.093108	0.85698094	0.95822471	0.98540682	0.97852313	0.93972219	0.97882973	1.0412245	0.88443081	1.0258771	0.88527858	1.0955595	1.1564254	1.0889232	1.0344044	0.97499106	0.8396682	1.0567122	1.139125	1.0204484	1.0481194	1.0063357	1.0816641	1.0445567	1.1388431	1.0918849	1.0760202	0.87972488	0.92561617	1.0619385	1.0466871	1.0659232	1.0603493	1.0284723	1.0318264	1.0800902	1.1518134	1.1260976	0.99927132	0.91420027	0.96276911	0.9998633	1.0077859	0.97249755	0.95080458	1.0442142	1.0090656	0.90276588	0.99999732	1.0538712	1.0593673	1.0676911	1.1311916	1.1028247	0.99215324	0.95087749	1.0198184	0.93931141	1.1246692	1.0121042	1.061817	0.97478446	1.0058782	0.95228875	0.97070978	0.92581399	0.98283335	0.85332442	0.88682059	0.85656083	0.8081064
0.93172362	0.88326592	0.9203876	0.93908312	0.96631647	0.94122711	0.90843454	1.1057574	0.80356474	0.91572074	0.96956409	0.848239	0.78632771	nan	0.78437469	0.97538496	nan	1.1791297	0.82664754	1.0831822	1.1584069	1.0963611	1.0088489	1.0206115	1.0361699	0.81807054	1.0694528	0.99558541	0.79060813	0.83925862	1.1159682	nan	0.99814981	0.99910782	1.0932002	1.0346018	0.97277326	0.89688928	1.0391698	1.0089289	0.93294656	1.0446254	1.0139274	1.040046	1.0351329	1.0696676	0.99348888	0.9227121	0.98961616	1.043646	1.1157509	0.97721651	0.88980534	1.0114822	1.0380841	1.0728036	0.90429896	0.96334523	1.0932396	0.94577051	1.1076166	1.019615	0.94565649	1.0875694	nan	0.85843479	1.1281741	1.0682714	0.98723164	1.183487	1.1636645	1.1974821	nan	1.1236936	1.0149463	1.0911323	0.92313601	1.1299442	0.89430526	0.95576137	1.2676319	1.0441791	1.0677574	0.91314407	1.1510894	1.0528056	0.87627094	1.0280009	1.0094397	1.0828568	1.0685225	0.9533829	1.0088749	1.0268274	1.0515729	0.91211315	1.0319342	1.128148	0.94453449	0.9068421	0.97399932	0.96400208	0.94689712	1.1237568	1.0583189	0.95108213	1.0158745	0.99428749	0.91503268	1.1329499	1.1289021	0.98682267	1.0384558	nan	1.0054171	1.0244206	1.0085644	0.97509409	0.95002764	0.98706446	0.9654876	0.88856633	0.92297191	0.80447278	0.93326075	0.85675446	0.84228735	0.8381752
0.92731033	0.98547827	0.98103161	0.73933471	0.77641968	1.0063459	0.85434215	0.91118413	0.98319551	0.98636663	0.98721905	1.0637194	0.90858408	0.92849738	0.78599305	1.104624	0.84649572	1.0303666	0.94930131	1.0495212	0.96143684	0.96181124	1.0299875	0.85248583	0.84584088	1.022438	0.85912746	1.129976	1.0013865	0.81053127	0.91984801	1.0746377	nan	0.86588105	1.0558246	1.1547745	0.96626345	0.74856978	1.0845823	1.0130685	0.94339335	1.1398859	0.97415479	1.061201	1.0687487	0.89080339	0.85598881	0.80945655	1.1121002	0.93043861	0.88484696	1.2408159	1.0653748	1.0719836	0.99808186	1.0711677	0.90374618	1.0800997	1.0813302	1.0111875	1.0253968	1.0401554	0.93211902	1.1211011	1.0200867	0.92553822	0.99931922	0.98595838	0.79713949	0.92619471	1.0959318	0.93467362	1.2307591	1.0358656	0.93360783	0.89634866	0.9085663	1.0387854	1.1052614	1.0643359	1.041128	0.94235139	1.0211426	1.0402738	1.2103024	1.0476841	0.92967186	0.97305152	0.89636309	1.1017772	1.0262536	1.0181229	0.98812284	1.1564423	0.91355654	1.0347573	1.0149522	1.2121034	0.8930865	0.96515999	1.0174167	1.0799101	0.97175928	0.95328663	1.0527771	1.0041859	1.0308035	1.153479	0.94912323	1.0462677	1.0751015	0.8206879	1.1508348	0.98850906	0.8899428	1.0181343	0.97811505	0.98478789	0.98165914	0.96958405	0.93470297	0.9265623	0.91972874	0.85705146	0.94226701	0.94903398	0.92537522	0.95158706
0.88642172	0.94005448	0.93575652	0.87150747	0.98126884	0.8988682	0.87918179	0.91129538	0.9263632	1.0316958	1.0655316	1.129544	0.92161661	0.9018666	1.1461151	1.0312978	0.88232302	0.90766885	0.98294295	1.1178861	1.0097155	1.1842147	0.92041653	0.94791991	1.1028352	0.8505774	1.1377225	0.83947963	0.98674585	1.0684167	1.0493095	1.0686686	1.0333279	1.1301285	1.0947978	1.0156282	0.94568352	1.0538326	1.010205	0.96442062	1.1639029	1.0760917	0.96428035	1.0764609	1.0702268	0.97372597	1.0118951	0.91825927	1.0256628	1.0194478	0.95156123	1.0123061	0.92328013	0.99038686	1.0796691	1.0392715	0.96427513	1.0930636	1.0878079	0.83651995	1.2622645	0.77672863	0.96565107	0.7493776	0.83067288	0.80266682	1.217469	1.0655397	1.0814352	1.0144716	1.0558334	1.0690398	1.0074679	0.79843838	0.90649108	0.98920361	0.89650695	1.1224724	0.9432643	1.0546622	0.92521803	1.0816038	1.1181033	0.94191503	1.0720652	1.1266199	1.023114	0.95750178	1.1199822	1.0015696	1.036879	0.96464979	0.86826795	0.9040447	1.1374112	0.84129308	0.93915774	0.84162986	1.1165821	0.98889783	1.0536584	0.92161971	1.0163608	0.91302618	0.91644967	1.0308988	1.0684204	1.1195602	1.0650152	0.95624522	1.1502674	1.2083802	1.0980641	1.0074439	1.0786957	1.1018233	1.036918	0.80812937	0.93768833	0.95893638	0.98541326	0.9744535	1.0449574	1.0536633	0.87149717	0.79755567	1.0026104	0.89652017
0.79600903	0.8002403	0.78917696	0.80982276	0.88417057	0.8641406	0.8814143	0.96089085	0.98032617	1.0983534	0.93650241	0.77994819	0.77326213	1.1055949	0.76316684	0.96340773	1.01643	1.1313221	1.0448116	0.80476466	1.0026561	0.90049682	0.90197024	0.8725366	1.0556574	0.96116295	1.0141334	0.98796783	0.84531261	1.1507624	0.96750411	0.79079919	1.0208655	0.92434963	1.209035	0.94037081	0.87801342	1.1344735	1.0500345	0.96077659	1.1149718	0.94488241	1.0678359	0.89332704	0.99359423	0.81131986	1.0662845	1.082263	1.0238319	1.1250408	1.0139585	nan	0.89788385	0.95850356	1.167744	0.96576623	1.1134508	1.2557732	1.1002373	0.78893095	1.0470143	0.95305616	nan	0.80456218	0.90480635	0.99913362	0.97223782	0.90635372	0.99316059	1.0074251	1.0347005	0.89185521	0.80369396	0.90033888	1.0295559	1.0530848	1.0256043	1.0427162	1.0570273	1.063312	0.97192492	0.98665316	0.94062552	1.2138937	0.94141517	1.1157513	0.89785515	1.0788986	0.90700942	0.91945004	0.94274779	0.97146509	1.0542253	1.0814642	0.98960666	1.1381113	1.0912128	0.96395902	1.0903671	0.92534838	0.83625258	1.0276481	1.0877257	1.0857057	0.87920275	0.94502634	1.0269196	0.90909046	1.0954667	0.94238084	0.89395173	0.93436306	1.082424	1.0403214	0.84717113	1.0519115	1.0390407	0.8454199	0.87344866	1.0294836	0.8489403	1.0804713	1.0109779	0.94335676	0.77298355	0.92261033	0.81936556	0.77993126
0.84773877	0.9246725	0.88198488	0.78981013	0.952233	1.0372808	0.95513743	0.82900633	0.85643047	0.93494051	0.88879927	0.92080035	0.70424867	0.78722556	0.96251183	0.95417374	1.0707245	1.1590058	1.198953	1.0435331	0.86701377	1.1039203	1.0760707	0.98099178	0.95263823	nan	1.0688762	1.0551672	1.2527943	1.0266905	0.98646231	0.99337193	1.0815196	0.9741663	0.87821364	1.1699122	1.0344516	1.0056526	1.017849	1.0757084	1.0809165	1.0465863	1.0995658	1.1718462	0.98499053	0.91920802	1.0660656	0.92997696	0.99204066	0.86407767	1.0361164	1.1127733	0.95838999	1.2345988	0.99104126	0.83876189	1.0653442	0.98548081	1.1802532	1.0592968	1.0410642	1.040139	0.76981104	nan	0.93186291	1.1696237	0.79630302	1.1153444	0.98070438	0.95976089	0.90685164	1.0013041	0.94026127	0.9540004	0.9536529	1.0944558	1.0078841	0.88906401	0.86309106	1.0311114	0.9865381	1.0892858	1.0922187	0.94463621	1.0103667	1.1597743	0.94836874	0.88221539	0.99744464	1.0005603	0.89668818	0.97291711	0.98007249	1.0576153	1.0747958	0.91872416	0.96595381	1.0489903	1.082863	0.965397	1.0791639	1.0558731	1.1031361	0.97010812	1.0049739	1.0671423	0.90704792	1.1008397	1.0752739	0.92793639	1.0683539	0.8986067	0.84148205	0.91306509	0.87611939	0.91916212	1.0339392	1.0355065	1.1355293	0.86714031	1.0109476	0.84005808	0.87389149	0.94968389	0.94398385	0.74036151	0.90204149	0.77192119
0.88241603	0.91852226	0.984293	0.90329959	0.94757722	1.0047702	0.92572234	0.86162993	0.99083827	0.9883904	1.0328663	0.89717798	1.0090993	0.92304988	1.1254679	0.88086132	1.1793199	1.1394655	1.0572955	0.94802727	1.0493169	0.8185845	0.81790239	1.2456292	1.1711458	1.1704183	0.91927901	1.101777	0.87240633	1.0277765	1.0677219	1.0144983	1.0073266	0.98012508	0.86467964	0.98692959	1.0680155	1.1902234	1.0504913	1.0960859	0.9544265	0.97829637	0.87879876	1.0317883	1.1398139	1.0938268	1.0489341	1.1398764	1.0149245	1.0280785	0.86355118	1.1684155	1.0718441	1.1000659	1.0456219	1.085746	0.9307602	1.1006281	1.2013425	0.99873765	0.99347566	0.84217439	0.7222072	0.98582051	1.0612013	0.92660889	0.91323403	0.96753715	1.1020096	0.91264221	1.0823746	0.91136289	0.98199341	1.042357	1.0214255	0.90113723	1.1059992	0.85286188	0.88148281	0.89666722	1.0368794	1.0895397	0.96312464	0.95194837	1.0259774	1.0887496	0.99042729	0.93592429	1.0287488	1.0666594	0.95126676	1.0397244	1.0300958	1.1247875	1.0770608	0.95501106	1.0414293	1.0436136	0.90440535	1.0006911	1.031273	1.0267981	1.1201934	0.94834927	1.0696244	0.94200069	1.0204891	1.1140264	1.0106136	0.99718592	0.94480577	0.9790399	0.79245688	1.03177	0.92815866	0.95589539	0.91303146	0.83484598	0.94552915	0.94559369	0.9365686	0.98529615	0.95653451	0.89315278	0.85287731	0.92212819	0.84298342	0.93332368
0.79767906	0.8408039	0.89681028	1.014479	0.98192937	0.91596926	0.96915115	1.031977	1.0650938	1.0381584	1.074378	0.82560863	0.92976847	0.98933762	1.0907114	0.86620396	0.90838624	1.0770434	1.0502464	1.1303683	0.80571129	1.0366634	1.0153336	1.2255725	1.0366876	nan	1.0623811	1.0145301	1.0555643	1.0413279	0.79741086	0.9798394	1.0950685	0.92056539	1.0763896	1.0605636	0.83038336	0.8367882	1.0155187	0.9733643	1.0178847	0.91949732	0.99095444	1.0485865	1.0574931	1.0866083	0.96495782	1.0741879	1.0417285	1.0279798	0.99672664	1.0603865	0.84224647	0.94338355	1.0667041	1.0106319	1.0183303	1.0060332	0.80234249	1.0949963	0.90532944	0.93737873	1.0273268	nan	0.93944861	0.94718294	1.0198846	1.0211461	1.0137478	0.83844526	1.0542122	0.89240513	0.90396067	1.0819342	1.0897452	0.99826294	1.0059872	0.93290185	1.1071103	1.1381438	0.88062171	0.94124804	1.0243829	1.1360654	0.99767548	1.181783	1.0288413	1.0836203	1.0531192	1.0082844	0.88374985	0.97401393	1.0249961	0.95437271	0.99681959	1.1929192	1.0102525	1.038502	0.98413945	0.96857621	1.027794	0.94397476	0.90749981	0.97567563	0.93975066	0.87674985	1.0677532	1.0182335	1.0744628	0.93508833	1.0985964	0.94661534	0.9443946	0.97940408	0.95951883	0.98454977	0.85671454	0.92910703	1.0024083	0.85005375	0.8788434	0.82394974	0.91151437	1.0355568	0.82531042	0.88754982	0.91582845	0.89134156
0.80298129	0.81800907	0.85446661	0.88529668	0.92573901	1.0123266	1.1132096	0.90996735	0.92020101	1.0596591	0.88830487	1.176433	1.1194291	0.97685217	0.96470311	nan	1.1044095	1.1313418	1.0573135	1.0788267	0.90012737	1.0551186	1.0440908	1.0487975	1.0632667	0.9405791	1.1496603	0.90669169	1.0414866	1.1166491	0.99244031	0.92026797	1.0284654	1.0662426	0.96648679	0.90519711	0.94677696	nan	0.94856397	1.0782417	0.97042304	0.91766347	1.1308405	0.9093871	1.0061228	1.1076173	0.98038803	1.1252987	0.91437541	1.0149187	1.0475598	0.96532461	1.1815355	1.0590222	1.1056238	0.97875675	0.99239682	0.89792587	1.0943124	1.2226246	0.92426853	1.1807968	0.74007319	0.95878497	1.0476919	0.95855997	1.1346615	0.91936677	1.1567253	0.91861708	0.94641808	0.79054876	0.83785311	1.07761	1.0219865	0.97571501	0.94875938	0.99659681	1.0005069	0.94712089	1.0125049	1.0147004	1.0358771	1.0318771	1.1180818	1.0125801	1.1322445	1.1648906	1.0082455	0.95093267	1.1422694	0.97753867	0.9594917	0.97439872	0.94918397	0.99967794	1.0545436	1.0269487	0.97593658	0.9066666	1.0401941	1.0263222	1.1262244	0.82951209	1.0602057	1.0059803	1.1068391	0.99290223	0.98574069	0.9013098	1.1325465	1.0399279	1.0296412	1.2121468	0.93739012	0.87416364	1.1749657	0.95316945	0.97217228	1.0588089	1.0535795	0.85203893	0.9962938	1.0040644	0.98659246	0.91992523	0.94141351	0.83835395
0.9890648	0.973079	0.82877158	0.97124159	1.01467	0.95633345	0.96311601	1.056928	1.0525218	1.0954015	1.059486	1.0838707	1.0036971	0.96274053	0.81968377	1.0101442	0.95456266	0.95546582	0.99653801	0.78471143	0.96742056	1.2742982	0.99529075	1.0027172	1.082802	1.1157004	1.2456192	1.0622486	0.96726377	1.1231672	0.93448948	1.055155	0.96619762	1.048388	0.94700856	0.94527358	0.96573754	0.8032504	1.0765219	1.0369651	0.87285343	0.91374661	0.92422153	0.92497857	0.87650157	0.96878871	1.0345366	0.95680933	1.2311134	1.173606	0.96832329	0.92374405	0.99246198	0.9239571	1.1937247	1.0441675	0.96538569	1.0936376	1.0721616	1.2761781	1.1200642	0.94605844	0.93159776	0.91767745	1.0130731	1.0738636	1.0475209	1.1359607	1.0868837	1.2517434	0.92584629	0.91301934	nan	1.0017374	0.87290383	0.98932834	1.1206668	1.0123921	1.1001468	1.0883454	1.0605357	1.0936554	0.92661998	1.0877165	1.0055489	1.0639036	1.1949319	0.94024029	0.96266854	0.96501053	1.0939473	1.121404	0.95249244	0.999978	1.0711268	1.0186519	1.0331749	1.1050698	1.0944363	1.0316805	0.8279139	0.92696141	1.0324165	0.95775819	0.89674594	1.0188007	0.91072289	0.93336442	1.1358337	1.1898318	0.93356168	1.0653707	1.1653816	1.0111619	1.1651962	0.94476256	1.152738	0.9419901	1.0355694	0.96307293	1.0594973	0.84467482	0.94840902	0.93389697	0.88958139	0.80881728	0.9418634	0.80774772
0.83207131	1.1054008	0.93897665	0.79709494	0.99853363	0.90752454	0.99628967	1.0363504	0.96143286	1.0658948	0.96314239	1.1118543	1.1879389	0.99046785	nan	nan	0.9073403	0.98262825	1.0644052	0.79340922	1.0482848	0.77848119	1.0831788	1.0211747	0.9337107	0.89344461	0.92691426	1.0763599	0.95427655	0.8441522	1.0477315	1.0145496	1.1156977	1.2433597	1.0260807	1.074687	1.0740244	0.89149486	0.97911053	0.87941583	1.0580791	1.1312492	1.0353748	1.0319498	1.0398409	0.96984833	1.0385886	1.0168003	0.98061802	1.0862429	0.90328425	1.1252612	1.0524517	0.84238443	1.0586476	1.0733733	0.91675602	1.0325699	1.073264	1.0247478	1.120627	1.2500766	0.82287338	0.93825701	1.0206695	0.88389796	1.1276635	1.006574	0.89194446	1.0080226	1.1225226	1.0138235	0.92784913	1.0418707	0.99491297	0.94194711	0.99362915	0.98875358	0.95731806	1.1930383	1.0679902	1.1254942	0.97467915	0.88923466	1.0429892	0.9877485	1.0114891	1.1306819	0.91636838	0.97457135	1.0870208	1.1430157	1.0170444	0.96411831	0.94615043	0.9592534	1.1181174	0.99009095	0.93687027	1.1181396	0.95901288	0.97809401	0.97801351	0.96052803	1.0813189	1.0059323	1.0915298	1.0395589	1.0140531	0.99281637	0.96793213	1.0902573	0.91436788	0.97060151	1.1186139	0.88826426	0.96755366	0.87535236	1.0031949	1.0538945	1.08177	0.92263976	1.0839313	1.004435	1.0067222	0.92153094	nan	0.79867551
0.8161111	0.86412393	0.91761501	0.87514415	0.92421037	0.997612	0.9093041	1.049908	0.94604841	0.91191252	0.92714196	0.93288759	0.83472828	0.88888789	0.97725165	0.96347891	0.89324302	0.9131595	1.0025505	0.92204736	1.0835781	0.99604483	1.1515481	1.1036316	0.88547307	0.9140669	1.0694994	1.0015906	1.1168706	nan	1.1436463	nan	0.84491672	1.1491594	0.92593052	1.2577105	1.2234632	nan	1.1153607	0.88896252	0.96246181	0.9382398	1.0547045	1.0088644	1.023585	1.0995871	1.0962942	0.93371448	0.92508694	1.0825332	0.90970102	0.87516391	1.1119082	1.0806985	1.0192225	0.95179021	0.9178589	1.0050225	0.93865517	0.81657306	1.0054513	1.0867432	0.9175716	1.1157623	1.0731896	1.1020569	1.0075043	1.0542475	1.1237575	0.98042134	1.0553696	0.78300895	0.96743574	0.79145017	0.85233802	0.95914798	1.0338685	1.0591951	0.98006709	1.0775383	1.1422642	0.99919031	1.104289	0.85642934	1.0539989	1.0185597	0.97412929	1.0466402	0.99793981	0.92873066	1.0211692	1.0825207	1.0678727	1.0328781	1.0397294	0.94919967	0.83688732	1.0375837	1.111991	1.1235196	1.0097514	0.9764089	0.84611072	0.96539925	1.0499126	1.1098708	1.0463376	1.0597141	1.0046415	1.0309061	0.98425756	0.94609896	0.91792358	0.85891389	1.0635419	0.90005958	1.0410015	0.91814658	0.86952159	1.0363861	0.90256966	1.0256478	0.99488029	1.0317412	0.87779099	0.79369149	0.81535701	0.84229982
0.82475207	0.80095714	0.87285388	0.95036688	0.92491583	0.91701351	0.85265713	0.96246019	0.98061588	0.84695082	1.1192569	0.90870594	0.86735836	1.1464574	1.0647388	1.1937903	0.83299206	1.0038512	0.96838038	0.96874584	1.0363997	0.92066118	1.0273628	1.110712	0.96791937	1.0631873	1.0543501	1.0335958	1.151584	0.86478466	1.0494093	1.0357267	0.98142992	1.0419617	nan	1.0671609	0.96742835	0.97869072	0.87835947	1.1302883	0.88682644	1.0548355	1.1095303	1.0015245	1.0266011	1.0144004	0.92280623	1.0112883	1.0097183	1.0345126	1.0303662	1.2198613	1.037918	1.1531374	0.79497249	1.0058666	1.1535722	1.0001848	0.99221215	nan	0.9108269	1.1019202	1.2433009	1.1542131	1.174967	0.93861493	0.86514606	1.006626	1.0420095	0.94686424	0.99309364	1.2517654	nan	1.0489717	1.0014708	1.023008	0.81547739	1.0817708	1.0347228	0.97572536	1.0466508	1.0592447	1.0468097	1.0919775	0.92036046	0.9117989	0.97082622	1.0559036	1.0448482	1.0089175	0.91947496	0.89431654	1.0541999	0.96498122	1.0438406	1.045443	0.89182489	0.9867102	0.96871557	1.008119	1.0318613	0.97269937	0.9396547	0.85894674	0.99252941	0.99868856	0.96223513	1.0830277	1.034951	1.0988735	0.98911615	0.94535722	1.0219565	0.86353994	1.0479833	0.97357031	1.1299072	0.99558989	1.0282303	1.0919358	1.0530863	1.1448914	0.92826052	0.95227727	1.0281187	0.92417402	0.9310635	0.8402007
0.80962261	0.84950711	0.93429748	0.82006537	0.97798827	1.0542403	1.0053376	0.94688632	0.83386552	0.87542045	0.91970453	0.89676948	1.0179279	1.2138701	1.159841	0.97657056	1.083901	nan	0.79904736	1.084378	1.003874	1.1176319	0.8592363	1.0445792	0.79117005	1.2931061	1.0619725	0.95286751	0.96844468	0.879442	0.93295788	0.83749146	1.1022475	1.1161904	nan	1.0206298	1.1157987	1.1698102	1.0520548	0.97961273	1.0890564	1.1042961	0.96580571	1.1773656	0.86682983	1.1038747	0.92462802	0.99230343	1.0705941	0.98543191	1.0563574	0.93842648	0.9579842	0.86947405	1.1808773	0.99022386	0.91142691	0.9802125	0.82245397	nan	1.1071986	1.0521862	1.0058183	1.1006773	nan	0.88505453	1.0210999	0.84312363	1.0138796	1.2318296	0.92052378	1.015534	0.88619165	nan	0.90064769	0.95220402	0.97208348	1.0649226	0.93783148	0.96472516	1.0969693	1.1892175	0.84810675	1.0146189	1.0124483	1.0925699	1.0174582	0.9247687	1.0573204	1.0890602	1.0021391	1.042294	1.0198516	1.0640227	1.0422026	1.1103639	0.99416517	1.0207316	0.99485406	1.1260403	1.0278095	0.84209102	0.99856438	1.1994996	0.89278525	1.0994272	0.95633501	1.0938311	0.89480976	0.97208625	0.96541804	1.0593783	0.88528707	0.92262291	1.0487096	1.0113344	1.0810554	0.9514483	0.94744064	1.0494301	1.0000878	0.92243375	0.91315239	0.95943019	0.93317077	1.0020545	0.73516668	0.8695953
0.73958004	0.83909484	0.87491625	0.88100101	1.0058754	0.93569075	0.97360772	0.8638235	0.87696291	0.97583332	0.97223778	1.0181294	1.0380732	1.0987162	1.09143	1.1677981	0.80535173	0.86166469	0.96898779	1.0713904	1.1726749	0.80624264	1.2460453	0.89925944	0.96201877	0.94776922	0.94057555	nan	0.83732516	1.0566683	1.0012586	0.95995308	0.97282881	0.9667494	1.0808953	1.0883494	1.0411242	0.97280126	1.0214381	1.1017518	1.1127619	0.90973587	1.1035315	1.0826026	1.1044142	1.122726	0.98955928	1.0143171	1.0009042	0.99456254	0.96426321	1.0724491	0.93748605	1.0662116	1.2360477	1.0459348	1.0168779	0.97754459	1.0047171	0.96375701	1.0201524	1.1468974	1.0074779	1.1818909	0.9807395	0.91161206	nan	1.026731	1.0474968	1.2784622	1.0809366	1.2778632	0.89435416	0.9807334	1.152285	1.1085523	0.98160062	1.0892892	0.9392426	0.88849777	1.0750268	1.0726518	0.96454246	1.0593197	1.1162871	1.0810836	1.2171909	0.92833818	0.8666667	1.152076	1.0631228	1.1160313	1.0751424	1.0339977	1.0948091	0.90007719	1.1200177	0.88771595	1.0247572	1.0889047	0.90568005	0.86264424	0.97435787	0.90869267	1.2222405	1.0262027	0.99574225	1.0293062	1.0934207	1.0207351	1.1192428	0.95244764	1.0690542	0.97341956	0.90849577	1.0237434	0.93140333	0.97307674	1.0203921	1.030825	1.0238582	0.94884185	1.0152319	0.85132875	1.0375152	0.98572238	0.83032645	0.83695948
0.80939354	0.86580949	0.84895212	1.0250242	0.96072113	0.9304017	1.0559542	1.085159	1.1503076	0.95376889	0.80040429	1.1485776	0.90821405	1.1204957	0.89534483	1.1124396	1.0644314	0.86061281	1.1454594	0.99055963	1.0853506	0.97555962	nan	1.1515098	0.99568002	1.0952915	1.0837377	1.0477992	0.9880286	0.85837378	1.1367552	1.0017063	1.1499985	0.90504326	0.80474649	0.85013741	1.216588	1.067038	0.98079173	1.0443953	0.86231206	1.012368	1.1078742	0.87538664	1.0171332	1.0107467	1.0721436	0.991248	1.1373996	0.93995587	0.9645569	0.87690431	nan	0.98519114	0.80262567	1.1805756	1.1472099	0.84294994	1.0934446	1.1422766	1.0396671	0.90457067	1.0015665	1.1077968	1.0949867	0.92518278	0.9069317	1.0419357	1.1363685	0.94642517	1.144376	0.92564812	1.0282777	0.92547226	1.1040691	0.88135554	0.99748477	0.9162601	0.91799439	1.102512	0.98095944	0.94175435	0.974941	0.97905451	1.0502549	1.0152898	1.0151775	0.99942722	0.88341612	1.0266152	1.0482347	0.97366243	0.89105111	0.97643208	0.96131958	0.94522798	0.96713942	1.0324883	1.0482852	0.89146652	0.99634257	1.0206823	0.96146436	0.90413328	0.98286065	0.92725584	1.0105391	0.94711794	1.1831705	1.0069356	0.95562425	0.92693845	0.91830746	0.99511309	0.90309738	1.0599883	0.92685154	0.99139873	0.96934421	1.0707001	1.0503594	1.1553111	0.95399058	0.88426121	0.98197433	1.0293617	0.98202138	0.94107079
0.8827534	0.9373252	0.82584867	0.94999185	0.86272476	1.0000743	1.0301205	0.98945298	0.91637987	1.0026369	1.0137317	0.90690076	1.1066454	1.2346641	0.84105237	1.1059697	0.94119398	1.0577583	0.93432312	1.0014588	1.0229876	1.0282349	0.93528989	0.96876423	1.0157899	nan	0.98673781	0.99472099	0.87316713	1.0404986	1.0203068	0.87930795	0.93499024	1.0345352	nan	1.0147944	1.0531229	1.0903645	1.0942334	1.0403861	0.88110121	1.0485441	0.89648495	1.0496972	1.1328298	0.94316758	1.1017801	1.0890772	1.1431377	1.0230464	0.94646059	0.89585462	nan	0.79607851	0.9437352	1.0589974	0.97263076	1.1009124	0.80308477	1.0265802	1.0873172	0.9722403	0.91881981	1.0672557	1.033328	0.89869613	1.1008203	0.87247037	1.1840858	0.87278688	0.83068481	1.1446462	1.115598	nan	1.0639881	1.1068458	0.95730231	1.068671	0.87254605	0.99075764	1.1304908	1.0584139	0.91811797	0.94867414	1.0602622	1.1178106	1.0190529	0.99513382	0.9698813	0.99540536	0.96232959	1.0103654	0.88864592	0.9243648	0.95915796	0.92402272	0.98992704	0.89661944	0.98572648	1.0495855	1.1508948	1.0860768	0.96423939	0.94773831	1.0375706	0.87884733	1.1316178	1.1731064	1.0018125	0.9100504	1.1627553	1.1476897	1.1800853	1.0253303	0.83551059	1.0368637	0.9393654	1.0876282	0.98157226	0.93120617	0.91064146	1.0871965	0.94534483	0.99729837	1.0531036	0.85671549	0.78051962	0.88016004
0.77945607	0.87683402	0.88339561	0.98948367	0.89278226	0.94219125	1.0153241	0.96764114	0.98534132	1.0271547	1.0307364	0.98128312	0.93710603	0.95593222	1.0377822	1.0435507	1.0705032	1.1463217	0.97617275	0.98956464	1.0577709	1.1254148	1.0215981	1.2324399	0.99577118	nan	1.1488997	1.0088634	1.0152206	0.95329407	0.97429608	1.2380252	1.0401316	1.025918	1.1769007	1.0132184	0.85824155	0.91229011	0.98838674	0.85630503	0.92021253	0.9790747	0.99841151	1.1373168	1.0997552	0.98686591	0.95863402	1.0503369	1.0152841	1.0740382	1.0550206	0.99566121	1.0100319	0.90719856	1.0008025	0.95016242	1.0000511	1.0469029	1.0350529	1.0690434	0.92283207	0.97837345	1.1313332	1.0022687	1.1180092	1.0359234	0.90902373	1.0713162	1.0266145	1.0365794	1.0433689	0.96105766	1.0775007	1.0475282	1.0036083	1.1364673	0.82821988	1.0266767	1.0208353	0.8645052	0.92050345	0.85756731	0.79481933	1.0013522	1.053492	0.98194452	1.0177498	1.1022029	1.0385739	0.8958478	0.94202492	1.1138151	0.94467706	1.0467808	1.0338834	0.9573558	0.85356495	1.0019022	0.94754664	0.93997446	1.0338629	0.97413169	0.90611879	1.0912853	0.9135249	0.89217388	0.9980301	1.0259972	0.99300944	0.8398915	0.89784724	1.0416995	1.0112316	0.99071972	1.0883012	0.92357608	1.0184898	0.85101517	1.01203	0.97302804	0.85988214	0.84820069	0.96130949	0.78295316	0.99348192	1.0453062	1.0614334	0.95782029
0.8958128	0.87037881	0.83380155	0.98435094	1.0057436	0.952371	0.95903472	1.0913667	1.0336751	0.92958975	0.84496767	0.92610443	1.0540045	1.1387992	0.93407716	1.0868648	0.87756664	1.0294352	0.92474771	0.93254164	1.009087	0.8702631	0.98995096	1.0828583	1.1281768	0.99404375	0.89288973	0.96475559	0.92033433	1.0262626	1.0029361	0.95471067	0.95356833	0.99080842	0.93334183	1.0047857	0.96446629	0.88514024	0.84871939	1.032794	0.98362038	1.0077041	1.0669399	1.1183586	0.93193037	1.1335926	1.0187068	1.0088797	0.94497695	1.1066926	0.95273295	0.86627348	0.96178311	1.0894574	1.0816604	1.0191217	0.82295393	1.0568128	1.1536387	1.1729705	0.9092261	1.0626436	1.0317964	1.0796316	1.1327826	0.97597242	1.0577691	0.87903223	1.1051959	0.8543812	0.95982059	0.99430951	0.9436986	0.87354984	1.0111984	0.9837644	1.0479744	1.1876134	1.0257228	0.87924763	1.0464412	1.0717137	1.0224316	0.97758199	1.0285378	1.0862405	0.96597363	1.0613331	0.93449396	1.0063861	0.9173627	1.0662564	0.99001418	0.97664876	0.94538819	0.92514254	1.1131796	1.0622912	1.0599114	1.038566	1.0224175	0.95401195	1.0485226	0.99248345	1.0560827	1.1492924	0.98412172	1.0453345	1.1180541	1.0400469	0.96389564	1.0837149	1.0345084	0.98428315	0.96632577	0.90334813	0.97963242	1.0544151	0.81809444	1.0254241	1.0173901	0.91976855	0.90742058	0.86510566	0.94379597	0.91048394	0.83625317	0.79738902
0.82875801	0.96186933	0.94653048	0.86328137	0.94759352	0.91315172	1.098308	1.0318714	0.96623671	0.95080566	1.0039501	1.0474315	0.93760018	0.86798671	1.1024602	0.91947741	1.0571742	0.97394674	0.95946693	0.92623446	1.0162057	0.98029502	0.91010589	0.88749724	0.93592724	0.92387359	0.91494509	1.0088423	1.0242044	1.1600249	0.99147494	1.1102631	0.89260085	0.92254225	0.84323803	0.99259441	1.0872495	0.7595513	1.0898484	1.0655444	0.98474667	1.177496	1.0874591	0.99784877	0.89175034	0.95693101	0.91047217	0.97624038	1.0874198	1.0702055	0.92686776	1.1511742	0.99134995	0.84254483	0.94702234	0.87069083	1.035398	0.91925264	0.87711262	1.0307982	0.99118429	0.88976938	1.1082386	0.93787378	1.0025722	0.94015855	1.0951675	0.95917604	1.060373	0.8304556	0.85215205	0.92767846	1.0605405	0.90539391	1.0210545	1.1781627	1.007982	1.1193006	0.90169531	1.0018572	0.96966067	1.0438668	1.0010555	1.0297431	1.0498054	1.0499008	1.1970976	1.1488452	1.0352224	1.0635978	0.99263243	1.0975402	0.93181378	1.0742071	1.0686936	1.1558949	0.98697792	0.87223922	1.0409331	1.0338268	0.95445625	0.94769645	0.98583969	0.94321357	1.0467617	0.89821638	0.94089992	0.97771859	1.1114549	0.8929621	1.091383	0.81758907	0.94166618	1.0868041	0.99524505	0.92823555	0.99515443	1.1185289	0.92215891	1.0123889	1.0127068	0.97083893	0.9479271	0.9843767	1.0003758	0.85575883	0.84568197	1.0489884
0.89564422	1.0256216	0.90097409	0.98173935	0.94761927	0.96700535	nan	1.0448941	0.99858156	1.0809847	0.9759626	1.0400785	0.80257924	1.0689545	0.91978072	1.0988781	0.82648604	0.96395894	0.99056151	1.0161963	0.86071444	nan	0.96330469	0.99344313	0.97107522	1.0717017	1.1327636	0.97556599	1.0112613	1.0740428	0.89359498	1.0768698	0.89399959	1.0708107	0.8996096	1.0159898	1.0064315	0.89560759	1.002495	1.1241787	0.9918178	1.0419073	1.046457	0.94824455	0.99467003	0.92003719	1.1251096	0.903469	1.1163669	1.0281108	0.96242485	1.0317277	1.1302654	1.0082719	0.8035309	0.98048913	1.0542942	0.79254947	0.98630803	0.9583527	1.1876541	1.0352041	1.1045162	0.97106386	1.1274487	1.0052956	1.1129904	1.0083962	1.0819107	1.112192	0.86609597	0.94242294	1.1114134	0.89978795	0.99416433	0.98782417	1.1269065	1.1321616	1.0453576	0.90760446	0.83187654	0.95944689	1.0736565	0.9994944	0.91322387	1.0067568	1.0421107	0.905271	1.034182	1.0436771	1.0335738	0.95817757	1.0240141	1.0494623	1.1772881	1.1209786	0.94027502	1.0146346	1.0414514	0.96048106	0.91156841	0.97478115	1.0483569	0.91680882	1.0327166	1.1087865	1.0036882	1.0800144	0.94205044	0.98946947	1.026304	1.0402516	1.1458641	1.0340674	1.0755186	1.0180673	1.0980105	0.92050077	1.053345	0.97893968	0.87360874	1.0968286	0.85329686	0.81316056	0.93311838	0.87187047	0.97842577	0.86089994
0.96770555	0.89016191	0.81019069	0.8320387	1.0364109	0.83748054	0.97215785	0.80075804	1.0117782	1.0304583	0.89730967	0.93716744	0.88210061	0.96929361	0.97076112	0.99337453	0.90903004	0.7664162	1.0635605	0.9523477	1.0658122	0.94500587	0.96382199	1.0910016	1.0367437	1.0939686	1.0111039	1.0727933	1.0102572	1.03837	0.89413032	0.96557077	1.204558	0.8922742	0.9508924	0.85195781	1.1114833	1.1126494	1.0992	0.90976015	1.0654248	1.0123867	0.96572387	1.1209776	1.076527	0.98062719	1.0017574	1.039652	0.91126679	0.95548218	0.91015067	0.95573463	1.002324	0.97137681	0.9385693	1.0080957	1.1412001	1.030941	0.83399573	0.98414799	1.0198024	1.0063122	0.95738829	1.0294497	0.98249745	0.9218775	0.92575423	0.98882494	1.0328931	1.0023187	1.0094479	1.0055533	1.0508863	0.91319177	0.96255474	0.9808576	0.95783018	0.94507679	1.0289009	1.088568	1.077016	1.0629811	0.98592062	1.122339	0.937071	1.0893885	1.1312235	0.91265183	0.98799372	0.91496336	1.0764324	1.0800915	1.1045755	1.015054	1.0578542	0.98250414	1.0689965	1.1115752	0.93634786	1.1147611	1.035373	0.86770417	0.92434983	1.0907522	1.073575	1.1033246	0.96881876	0.96473577	0.93088275	1.062338	0.99995779	0.89619597	0.93839122	1.1306176	0.94386897	1.0717729	0.99179229	1.1591924	0.99099101	0.80119008	0.97191568	0.90390316	1.0746506	0.95849723	0.83100757	0.79034081	0.90923848	0.78188571
0.79468254	0.86162928	0.76879173	1.0086448	0.93091473	0.92031831	0.99640886	1.1021334	1.0386639	1.0596928	0.98569287	0.97584644	0.97836995	1.0307909	0.87786056	0.99108003	1.0718869	1.0050771	1.0705257	1.2141158	1.0261502	0.95830186	0.97580207	0.94652611	1.1431584	1.0496915	1.0471772	0.97839601	0.88698463	0.98680594	1.0975069	1.0958608	1.1396643	0.96676488	1.045997	0.87993609	0.96452434	0.89256361	0.99618592	0.9638213	0.87923189	1.0311714	1.0192924	1.0584014	0.99006705	1.0922718	1.0687489	1.0979612	0.97391907	0.88268942	0.96518161	0.99342436	1.0306125	nan	0.94499582	0.87064292	1.022135	1.0774015	0.91855465	1.0095592	0.89744524	0.98084132	1.0776962	0.99390793	1.0177519	1.0521652	1.0028817	1.1425764	0.97211268	0.98811486	1.1416727	0.97441071	1.0806468	0.96578639	1.1393487	0.96535042	0.89867133	1.184293	1.0039079	0.96738371	1.1040024	1.0829363	0.86781832	0.89637371	1.0558816	0.97941279	1.1366307	1.033039	0.99552923	1.0999983	0.98675318	0.95764652	1.0210349	1.0614121	0.95300256	1.1198813	0.95234245	0.97221819	0.92021725	1.1161747	0.99990117	0.90026856	1.1164759	1.1546974	1.1910576	1.0255002	1.0119102	1.0599298	0.9800139	1.049598	0.95851821	1.0600896	1.013381	1.0716946	0.9000186	1.0229712	1.0610029	0.99906654	0.94369403	0.98610184	1.0227382	0.97554646	1.0666141	1.1258236	0.8384746	0.92856725	0.81287824	0.9099831
0.88112933	0.80552751	1.1429098	1.0113635	0.93337948	0.96806723	0.96519427	1.0229624	0.9500304	0.91872615	1.0189776	0.98725499	0.94502879	0.95312727	1.0646019	0.93635392	1.1529461	0.84057335	0.9671413	1.0851638	1.122324	0.97886609	1.000246	0.95956486	1.0639439	0.84398689	0.94817155	1.0083646	0.96578952	1.1531581	0.97036731	0.91301243	1.0558003	1.1381781	0.87267512	0.99884309	0.95675294	1.0195186	1.0166689	1.1028198	0.98569266	1.0189048	0.96921031	0.8800066	0.93253561	0.91378173	1.1005361	1.062687	0.93870924	0.96932239	1.098872	1.1805689	1.0244649	1.0701165	0.99232022	0.99153029	0.94038727	1.104117	0.95665826	1.0404859	0.78092998	1.0037576	0.93794333	1.0911385	0.98126703	1.1064315	1.0578446	1.0615747	1.0741708	0.88349704	1.0961979	1.1328501	1.0236504	1.0551123	0.91881985	0.88104616	0.91073374	1.0799129	0.88640426	1.0366673	1.1694964	0.87768545	1.0028992	0.96097081	1.0829967	1.0934081	1.0867151	1.0944554	1.1532059	1.1652406	1.0133564	0.99224735	1.0861663	0.98433815	1.0715936	1.1374378	1.079239	1.0558981	0.89590603	1.1074276	0.95907113	1.0631693	0.93581671	1.097131	1.073474	1.0332801	0.99637559	0.94988315	0.90887079	0.98338158	1.0513254	1.0205179	0.9728854	0.9792949	0.88636472	0.99695674	0.89967985	1.0067498	0.99638516	0.9202443	0.8780786	1.0605257	1.0221665	0.90294237	0.96768919	0.92166005	0.81752671	0.83845746
0.85183911	0.87631249	0.84314618	0.84611468	0.92343926	0.81339327	1.0613436	0.98401073	1.0123724	0.92755651	0.88057325	0.97737464	0.89913447	0.93002346	1.0115816	1.0454861	1.0651559	1.1415731	1.0641844	1.0040024	0.990062	0.97706611	1.0171753	1.0316877	0.95126676	1.1826617	0.93233087	1.0232607	1.0063049	1.0689889	0.86363763	0.98264114	0.98271835	1.1406727	1.0336722	1.0326677	1.1116122	0.87673084	0.97392786	0.95392073	0.92447529	1.0747781	1.0208161	0.90905136	0.885358	1.0498293	0.98746458	1.0430384	1.0642073	0.94040919	0.94817379	1.1572672	1.0249046	1.0027101	0.83988906	1.1258235	0.88773702	1.0009183	0.98960023	0.95224099	0.98665684	0.90197206	0.99774943	1.1223129	1.0658631	1.0156422	0.87416933	0.94636121	1.0976825	1.0400669	0.94833789	1.1008343	0.99369498	1.0826267	0.99775813	0.88615845	1.1767547	0.95208895	0.88980899	1.1026198	1.1365984	0.89825424	1.0435691	0.99075403	1.0393141	0.85871126	0.9499732	0.9279239	1.1517541	1.0518114	1.000286	0.89139726	1.0429397	1.1785049	0.98431225	0.96718042	0.93996612	1.0821883	1.1303946	1.0081951	1.1191581	0.95388367	0.96796296	1.1497657	1.0462302	1.0032714	0.96863999	1.0717267	1.0340421	1.0247006	0.99651868	0.96527896	0.94145017	0.90487842	0.91395972	0.86685953	1.0853351	0.97294264	1.0515842	1.0568214	0.99860304	0.84625005	0.84963973	1.0100875	0.7691756	0.8520508	0.92583	0.93310578
0.85049331	0.92280271	0.92483051	1.0301573	1.0047546	0.893767	0.85052467	1.0797101	0.97547298	1.0333902	1.0232993	0.94864352	1.1865326	1.0386528	0.90251642	0.90782782	0.94376682	1.1726482	1.0163649	0.98279041	1.1403777	1.0370338	1.1147492	1.0488902	1.0939079	1.0783976	0.94953712	0.99034303	1.0280657	1.1271323	1.1512584	0.95721735	0.95769595	1.1368127	0.99452275	1.1175223	1.0844281	1.002971	0.95793807	1.0261205	1.144503	1.0874099	0.90354641	1.0902454	0.92590351	1.0687255	0.95578684	0.85602117	1.1075041	1.0363801	1.0457833	1.161019	1.0173857	0.98422606	1.1112698	1.0250987	1.0449026	0.98702768	1.0224519	0.95483711	0.89255629	0.98170309	1.0532593	1.0057456	1.1027186	0.98202251	1.1414611	1.0263252	1.0017971	1.1046206	1.004001	1.1731629	0.95240507	1.1305799	0.96547284	0.9343784	0.892529	0.99767382	0.89843703	1.1738891	0.98748546	0.92683482	1.0489603	1.0012354	1.0679655	1.104802	0.92609096	1.1287203	1.1963567	1.030943	0.89489799	1.1305688	0.93383614	0.95909206	0.98429563	1.0264353	0.97138412	1.0137479	0.97356606	1.1074104	1.1051589	0.99448067	0.89792171	1.0533052	0.94189593	1.0140937	1.0744199	1.1277642	0.89975109	1.1651706	1.0514264	1.1185929	1.0805262	0.96673631	1.0422841	1.1011465	0.97534934	0.95524937	0.97331306	0.95207305	1.0479252	1.0257876	1.0542908	0.98755485	0.8849412	0.87896679	1.0756612	0.80474265
0.9630965	0.94717069	0.91467609	0.81951906	1.0667006	0.98630163	1.0637113	0.98849768	0.90235567	1.0080775	1.0436591	0.95192276	0.98410018	0.92389415	1.02557	0.82005055	0.98544198	1.0573322	1.0799967	1.0279956	1.0268622	0.98352854	1.0826027	1.0252251	0.94875818	1.0392285	0.89261868	0.91768686	1.0047565	0.87470796	1.0573205	1.0344058	1.0165035	1.114818	1.0730127	0.98460096	1.0797011	0.96640491	1.0163842	1.0767102	1.0154424	1.0597937	1.0422282	1.0397161	1.0540426	1.0358035	1.0272951	1.0393487	1.1380909	0.95699892	0.98275012	1.130028	0.98455985	1.1010686	1.0139421	1.1211127	0.97252251	1.0166911	0.99811055	0.79375871	1.0023454	0.991904	0.95172692	0.87324942	0.9184283	0.96112872	0.9330539	1.1471883	1.038826	0.95581082	1.0086171	1.1055464	1.0029769	0.86530771	0.98314269	0.90854676	0.95864439	0.99210018	1.087102	1.0022316	0.99532668	1.0262744	0.89534233	1.1975262	0.86363416	1.0106136	0.9280788	0.8878974	0.96061643	0.88931854	1.0392564	0.83031802	0.89317335	1.0730141	0.94191139	1.0120797	0.88235983	0.86178006	0.99671714	1.0098383	1.0670761	0.97472807	0.92208017	1.1431644	1.0238049	1.083006	1.0785915	0.90704577	1.0904938	0.93372416	1.0936677	1.3017662	1.1156684	1.0795467	0.9913979	1.0013048	1.0602581	1.037801	1.0486944	1.0010289	1.1362427	0.87925316	0.97076243	0.80424491	0.88634325	0.96054184	0.93607621	0.88394683
0.77901657	0.94812054	nan	0.89432865	0.85559249	0.9556853	0.99566745	0.93711753	0.99878062	0.98799256	0.95730834	1.0100064	0.99008207	0.93254861	1.1432846	0.91052033	1.087222	1.0715732	0.92301108	0.95257326	0.95146325	1.055068	0.96378497	1.0682128	0.97951685	0.91879826	1.0433399	1.0430262	0.89484914	1.0043831	0.98637129	1.0079452	1.0413788	1.018032	0.87781691	1.0140324	1.1412393	1.0902251	0.88765682	0.98968831	1.1142063	0.91693687	0.99894101	0.89563493	0.96868818	0.96011846	1.0445191	0.95870654	1.0982235	1.0041573	1.0060317	0.96910025	1.0409344	1.0481476	1.1230626	0.97745607	0.94218291	1.1141163	1.0714248	1.0695121	1.1625293	1.0782323	1.0468111	0.93885866	1.0742021	1.0028903	1.0121833	0.83693195	1.0503187	0.9029426	1.124692	1.0026936	1.0374859	1.1064424	0.88225589	0.90986243	0.99464514	0.96043993	1.0687499	1.0678368	1.0164494	1.1339298	0.95055615	0.90731251	1.0387647	1.1773602	1.0033714	1.1606489	0.9293641	1.1829596	1.0877773	1.010273	1.0683264	1.0961871	1.0480007	0.83424775	1.0340789	1.0259152	1.0408485	0.9945912	0.98128337	1.26559	1.0329955	1.0169588	0.9285921	0.91508008	1.1096985	1.0015739	1.0021257	0.9686397	1.0604329	1.0246464	1.1856392	0.9424155	1.0503021	0.94599982	1.1359237	0.8802289	0.92478141	0.82412209	1.0073101	0.91895308	1.0702342	0.77566957	0.96313955	0.79229273	0.87608333	0.97598553
0.96664561	0.84306209	0.91166237	0.86936541	0.83001038	0.96252491	0.88790801	0.87692719	1.016508	1.0688193	0.96431831	1.0100241	0.98497662	0.97748938	0.83116931	0.99452622	0.95372539	0.96244205	0.85891216	0.99055266	1.0599772	1.0602153	1.0072767	0.97826456	1.0192322	1.1175467	0.95539257	0.90723106	1.0027749	1.0030987	1.0790982	1.1740071	1.0685634	0.93214023	0.91260517	1.0451162	0.96463118	1.1331574	1.004381	0.93208023	1.0853106	1.1064752	0.99531472	1.0055971	1.0804355	0.90078086	0.93856431	0.95223041	0.99572982	0.89326458	0.98179386	0.85242988	0.98802827	1.0375409	0.99632394	1.0763368	0.9058253	1.0409557	1.0417102	0.9730787	1.0383679	1.0712258	0.98242983	0.94334533	1.1429696	0.92947748	0.9696623	0.97756132	1.0448027	1.1327843	1.0601035	1.0813831	1.0205745	0.97107565	1.0432662	1.1901677	1.1286274	1.042497	1.0626987	0.97409446	0.95025027	0.8192478	1.0354754	1.0320916	0.9891792	1.1239814	0.96734076	1.1087318	0.92724873	0.96291417	1.0346879	1.0307381	1.0468032	0.88061988	1.019973	0.88945699	1.0993725	1.0028222	0.91528698	1.0422582	0.92362631	1.1264842	1.1008771	1.0916349	0.99113515	1.0416544	1.0090386	1.0784771	1.0316715	0.95736352	1.1681461	0.93751389	0.94143677	1.0794296	1.11841	0.98753362	1.0490658	1.1058195	0.93819986	0.95474716	0.87786726	1.1194173	0.90450149	1.0349818	0.89456018	0.91738373	0.98358541	0.84995356
1.0313917	0.80313683	0.95437521	0.92044324	0.85310653	0.81877773	0.9207384	0.941004	0.98102016	0.89230616	0.9394931	1.0561475	1.0870161	1.0326826	0.91793479	1.1049472	0.98750001	1.0265825	1.0799807	0.96988545	0.96148492	1.1579477	1.0583658	0.87769569	1.0410116	1.04594	0.94540791	1.0655733	1.0481129	0.92239064	0.95210805	1.0185453	0.89534964	1.0861833	1.0665783	1.1006064	1.0280788	1.0668885	1.0634282	1.1150119	1.0265964	0.86616988	1.151441	1.0311409	1.0103707	1.1244787	0.84561449	1.0925521	0.99897444	1.0697316	1.0892417	1.0833406	1.0396103	0.84688867	0.98372992	0.96969157	0.95896562	1.0199322	1.0219555	0.95451522	1.0777494	0.87948052	0.89923724	0.8667236	0.94300086	1.0948455	0.91058488	0.96904505	1.035741	1.0301251	1.0274659	1.0658189	0.97290444	1.1467456	0.96302785	0.98525942	1.0018562	1.0467557	1.1705052	1.0589466	1.092341	0.9942643	1.1328999	1.0639672	1.0060131	0.88785436	1.0832794	0.97702741	0.98691542	1.067562	0.97680921	1.1720086	1.1170986	1.1033231	1.018131	1.1335035	0.88687435	0.94947575	0.97267484	0.99882742	0.98627705	0.90966312	0.89768131	0.9597817	0.9718246	1.1455491	0.94645104	1.0389164	0.94516689	0.99778864	0.92514803	1.0259178	1.0940188	1.1768372	0.8657831	0.884036	1.0298111	0.9500732	0.83662888	0.95955438	1.1683892	1.0191832	0.94899001	0.94294337	0.99369196	0.98220627	0.97206955	0.81531299
0.95217991	0.96304154	0.79280037	0.85629967	0.91227649	0.98316648	0.93291355	0.92801612	1.0703549	1.0291241	0.94253469	1.0857584	0.92267391	1.0654334	1.038154	0.99168601	0.92640938	0.93227072	1.0416537	0.91702638	1.0601988	1.0717399	0.97186707	1.1577316	0.94805429	1.1421409	1.0081661	1.0515985	1.0834944	0.91556543	1.0675182	1.1177721	1.0231235	1.1063659	1.0440478	0.93594594	1.1874996	1.0513288	1.1462496	0.9715131	0.98643869	1.0355145	0.99747528	1.0529857	0.97755996	0.95098161	1.1007067	1.1985376	0.99884372	1.0461481	1.0007726	1.0372247	1.1926476	1.0099717	1.0966576	0.99758641	0.97494642	1.111098	0.99567244	1.156655	0.97287069	0.93095011	0.97837939	1.0717918	0.87118706	1.2133368	1.0592172	1.1502397	1.1053123	0.94798226	0.88980121	0.99773432	0.97409897	0.99162555	0.95062979	0.97736998	1.110287	1.1501546	0.84689235	1.0425743	1.0749303	1.0006166	1.1153785	0.96688638	0.96645008	1.1012462	0.96180876	1.1016427	0.99345288	1.089772	1.0068983	0.93067844	0.95673607	0.91082344	0.96355492	0.83277611	0.94220184	1.0499129	1.0621014	0.94798118	0.94714992	0.93253397	1.0550547	1.0233582	0.89508308	0.91385559	0.91885742	1.0594635	0.88053618	1.019064	0.91208669	1.005913	1.0185632	1.0541187	0.93853674	0.89815339	1.0506839	0.88359463	1.0918301	0.97616529	1.0500902	0.99506527	0.99842415	0.9572197	1.006883	0.83495209	0.82030596	0.8968427
0.94716866	0.88174578	0.92803507	0.87693575	0.94531411	0.88226565	0.76915773	1.0280917	0.94635793	0.98725548	1.0721239	1.0219539	1.0062877	0.8550095	0.88260484	1.1348816	1.0215376	1.0521746	1.0182931	0.99738228	0.98281607	1.026276	0.9995022	1.0270307	1.0620831	1.0445649	1.0220211	0.89416086	1.0252303	0.94960816	nan	1.0225542	1.0087419	0.97673806	1.0377102	0.96293013	0.9955803	1.159095	1.0077774	1.1236518	1.0904589	0.95862664	1.0082174	0.85393179	1.0347647	0.94153465	1.0064384	1.0672874	1.0694059	1.1833386	1.1291159	1.0764963	0.99313276	1.0305367	0.93635123	1.0795705	0.93916129	1.1893526	1.0009221	1.0765598	1.0603743	0.98457508	1.040056	0.94732105	1.0495409	1.0587867	0.91643623	1.047489	1.0030484	0.94778577	1.0570847	1.1312734	0.90900062	1.0166359	0.96071035	1.0749498	0.99758598	0.96315103	1.0439171	0.99444526	1.0827875	1.047011	1.1089209	0.91391109	1.0549895	1.163017	0.95935882	0.9560766	0.92275811	1.1306002	0.94553208	1.102775	0.88503085	0.97968236	0.9277205	1.0957413	1.0140326	1.1659876	1.2428795	0.95179916	0.88699308	1.0399891	0.86189811	1.0054491	0.97497219	0.92499184	0.87795588	1.0184139	1.22088	0.99657031	1.0046473	0.93491172	1.0261626	1.0407348	0.98989631	0.97631695	1.1338136	1.0611058	1.1814741	1.1017464	1.0112879	0.87114921	0.94274306	0.93491123	0.82723009	0.88604887	0.86669832	0.77061843
0.93963746	0.87088744	1.0205935	0.85514968	0.88258771	1.0542164	1.0346814	1.0249817	0.90842095	0.94038049	1.0011561	0.89293047	0.9792086	0.96616807	1.0410311	0.94179035	1.0117006	0.95123688	0.99336995	0.98780754	1.0205202	0.9158742	0.93948679	1.0500041	0.92960721	1.0002041	0.97071	1.1617157	0.96674276	1.0145016	1.0290332	0.98670915	0.99409341	1.0156561	1.07278	0.99336612	1.0540828	0.97460992	0.94854028	0.9430898	1.0014966	1.1643687	1.0398655	1.0590417	0.98653896	0.93807614	0.8704396	1.1246056	0.99643953	0.90805538	1.023536	1.2081776	0.96258725	1.0320308	0.98200304	0.98793006	0.83752315	0.98029701	0.98387509	1.0779209	1.0416689	1.0395448	1.1000701	1.1045896	1.0356563	1.053545	1.1020431	0.99175453	1.1229814	1.0231312	1.0240208	0.98607288	0.96917033	1.0214751	1.0066248	1.0715384	0.97534104	1.0876079	1.2384202	0.88791961	1.1820025	1.0458642	0.93801674	1.0598829	1.1319992	0.99190451	1.025256	1.1464394	0.99546992	0.91040785	1.0006379	0.91873309	0.97830467	0.94035989	0.94126792	1.1081321	1.0901886	1.0264849	1.0441559	0.94468069	0.96095488	0.90478667	0.87877383	1.0781607	0.97377818	0.97680797	0.87594288	1.1284042	0.88760106	1.0869652	0.97162731	1.0145951	1.0807677	1.0735891	0.92539337	1.0828861	0.88281972	0.8766117	1.0462133	0.81830705	0.86770663	1.0359681	0.83194788	0.98261633	0.91139368	0.90649232	0.81155833	1.0537705
0.92625326	0.77097001	0.98483615	0.88441537	1.0072023	0.84010702	0.94392435	1.100013	1.0286556	0.9823949	0.94725716	0.94164699	1.1269087	1.0837578	0.84736996	0.89570657	1.0045543	0.91136504	0.97420295	1.1669209	1.0747935	0.919007	1.1688329	1.0953503	1.1540066	1.0506936	0.96388354	1.0883069	1.0531152	1.0197206	1.0626941	1.1129759	1.0007529	1.1597293	0.89838742	1.0153182	1.0442299	0.92651499	1.071836	0.92536126	1.0710326	0.85946075	0.93913629	0.97103501	0.8603309	1.1341868	1.001442	0.90593201	1.1112769	1.0899748	1.0562235	0.92894933	1.0480495	0.92633582	0.88065417	1.0115704	1.108484	0.95633933	1.2140612	1.0793782	0.95855432	0.93015138	0.98111602	1.0849646	0.92739168	1.0795446	1.0425895	1.2275538	1.136999	0.94441324	0.9932759	1.0636734	0.87098955	1.0453734	1.0270674	1.0280232	1.0604471	0.95442226	0.87649608	1.095005	1.0663813	1.0108584	1.0402127	0.99376936	1.0117153	1.0532035	0.98127046	1.0625677	1.0269158	1.0657398	1.0285901	0.95764686	0.99844037	0.86862266	0.96358431	0.92805075	0.8779232	1.1984297	1.0845706	0.97252888	0.99490694	1.0035447	0.95039333	1.1293512	1.0500557	1.1097793	0.95477878	0.94314709	1.0815842	0.96327014	1.1565449	0.93516553	0.87801825	1.0816272	0.97939795	0.94865867	0.81868781	0.99971316	0.95291227	0.92808161	0.98216239	0.89794045	0.90903203	0.77124194	0.87959414	0.85131836	0.93527955	1.0041052
0.82010892	0.99979975	0.8172705	1.0598867	0.86490231	0.95140904	0.86454004	1.0096749	0.9594118	1.0069005	1.0317836	1.0734274	0.99235134	0.97904511	0.98567144	0.89743571	1.0901163	0.92692622	1.0063633	1.0305491	1.0350343	0.93108096	1.1663712	1.0402446	1.0853669	0.88161289	1.1331547	0.91243448	0.9613238	1.0718012	0.94206247	1.0298869	1.1490575	1.0946485	1.0705639	1.1421412	1.0611215	1.0415723	0.94539954	1.1638718	0.9621191	1.0479583	0.93002447	1.0918777	1.1251179	0.91823628	1.0146982	0.98085944	1.0836409	1.0908996	0.96726919	0.9481078	0.92828095	0.89377336	1.0623972	1.1401028	1.0922427	0.98825691	0.98042206	0.80648903	0.95234305	1.0236014	1.0277757	0.98645117	1.0248497	1.0848181	0.91914358	0.99100977	1.0060925	1.1242343	1.1117959	0.95812424	0.99830373	1.1365586	0.96705681	1.0223201	1.1538322	1.1285717	1.1012725	0.9983445	1.1017702	0.98845623	1.0400062	1.0358715	0.85191309	1.0671799	0.92122066	0.89396148	1.0204971	0.92994161	1.1529112	1.0283139	1.0151212	0.95478467	1.1280874	1.0149754	1.1861733	1.0124131	0.93501371	1.0622034	0.98646135	1.0339084	1.1422624	1.103836	1.0200587	1.0110484	1.0218975	1.04571	1.0184729	1.1083362	0.90673781	0.95002592	0.97051154	0.98605297	0.88151965	0.94190819	0.90370759	0.97465707	nan	0.88178157	1.0795912	0.89631176	0.85846602	0.88310904	0.94013013	0.92384682	0.89623325	0.79560325
0.74344542	0.8234074	0.96240854	0.91099007	1.0195702	0.91583538	0.80899421	0.93606915	0.84899147	1.0123538	1.0329691	1.1370247	0.96204479	1.0739795	1.0557549	0.99644074	0.84417254	1.0819824	0.91461908	1.0092595	1.1467875	1.1572624	1.0202995	0.95633324	0.97102916	0.99656245	0.98075998	0.94355431	0.97166888	1.0803675	1.0914389	1.0978854	1.0853293	1.0169905	0.97414484	0.93637507	0.97629711	0.99598616	0.95176826	1.0363876	0.96118348	1.1086029	1.0585555	0.92451666	1.1359263	1.0347485	1.1703759	1.0804991	0.99519954	1.2237866	1.0019453	1.033183	1.040445	0.9555706	0.93965226	0.89204496	1.1263484	1.0377749	0.95162095	0.96724985	1.102361	1.108407	1.1642206	0.84397236	1.1116854	1.0241119	1.1804846	1.0279668	0.93288302	1.0582597	1.0186309	1.0249907	1.0414299	1.0920972	1.020496	1.0066061	1.0500838	0.95606429	1.0700966	0.96633744	0.97450486	0.98030723	1.0741484	1.1821742	1.0249872	0.94315783	1.0119852	0.97305662	1.2071222	1.1162456	0.94660885	1.0393985	1.1035194	1.0882817	1.1234823	1.0418192	0.99047124	1.0902642	0.95545157	0.98582235	0.97010416	0.9426475	0.90821704	0.92768612	0.99763889	1.0674183	1.0332828	1.1458876	1.1265823	1.0613749	0.95457947	0.82767776	0.98039363	0.95778278	1.0263289	1.119559	0.97456371	0.94938635	1.0110887	0.89503308	1.0098593	1.0055477	0.96804968	1.0315662	0.88028756	0.88748071	0.84636763	0.84815011
1.0581251	0.94995119	1.0095518	0.84391772	0.91324914	1.1163017	0.92191628	1.0305308	1.05165	1.0434166	0.99245777	0.93365984	0.90929148	0.99119315	1.0205785	1.0589104	1.0857436	0.94640895	0.88261753	1.0614595	0.92809697	1.0097623	1.0794698	1.0675782	1.0578539	0.79306234	0.88216827	1.0414153	0.93726395	1.1320623	0.90877011	0.98585892	0.8248358	0.97414446	1.0746667	1.2288283	0.80438273	1.0546639	0.90018736	0.87340352	1.0230842	1.1240548	1.1283393	1.0046791	0.92418578	1.034994	0.99691255	1.0307216	0.99951504	1.1618809	0.95218252	1.0045478	1.0668185	0.94487302	0.93464662	1.0337065	1.0574758	0.81405623	1.0809169	0.91648833	1.00844	0.96055469	0.98084656	0.98745089	1.0285757	1.0192315	1.0305315	0.92612754	1.0044678	0.98445212	0.94901037	1.0635713	0.97695977	1.0915125	0.9952072	0.90914055	0.88274529	1.0114433	0.90010866	0.99448954	1.0248948	0.87638254	1.1667332	1.0574499	1.0004592	1.1286752	0.98850026	1.1306579	0.84409052	1.0656903	0.96678719	0.94216982	0.97994868	1.0360983	1.0226533	1.0305457	1.0650429	1.1261693	0.96221793	0.87501854	0.91630751	0.9354527	1.1123831	1.1324866	0.82598019	1.2038333	1.1418861	0.94209517	1.0330992	1.0182814	0.97069897	0.95926689	1.0408555	1.0389426	1.0048602	0.92776901	1.0681024	0.91165122	0.94180668	1.0376325	0.92188602	1.0014603	1.0382151	0.98051701	1.0685817	0.90385007	0.895138	0.95048802
0.90431148	0.92675735	0.96341003	0.8643218	0.88335546	0.98371611	0.91103568	1.0775375	1.0000029	0.9276584	1.0029751	1.0220512	0.92757896	0.97780632	0.91351453	1.0008178	1.1849633	0.91327095	1.0723865	0.99268228	1.0731155	0.93660167	0.87507887	0.90354006	0.84437238	1.0298614	1.0891453	1.1394775	1.0959639	0.96212663	0.97672221	1.042094	0.95470038	1.0961735	0.89150522	1.0565012	1.0855831	1.0518785	0.92625613	1.1291327	1.0443689	0.97748254	1.1850847	1.0120811	1.1584407	1.0357981	1.0945906	0.95183528	1.043808	1.0146044	1.080938	1.0214247	1.0599743	0.95856741	0.98043302	1.0365505	0.98988073	1.1671516	1.066823	0.97614861	0.94042784	0.96267911	1.0231907	0.92791657	1.0336659	1.0561535	1.0317137	0.97184023	0.96698775	0.94636919	1.0207334	0.95942803	1.0936425	1.0283089	0.95194243	1.022911	1.089852	1.034046	0.93614141	1.0277728	0.91623141	1.0691042	1.2105369	1.0005228	0.92647542	1.0669049	1.0355232	0.96751548	1.0382222	1.1674805	1.0823829	1.0765013	1.225343	1.1344378	0.84828535	0.91439929	0.88824189	1.0188098	1.0697288	0.77890515	1.0153231	0.95663299	1.0761408	1.045654	1.0499897	0.99022435	1.0725118	0.86835455	1.0932629	1.0674691	1.0553166	1.0026266	0.98389884	1.034276	0.93588382	0.99569806	0.88416112	0.96590509	0.87487073	0.92327104	1.0230417	0.94070704	0.87482554	0.98887519	0.93537537	0.91907682	0.84986819	0.83416319
0.97404554	nan	0.8311797	0.95777607	1.0393846	1.156279	1.143198	0.92353734	0.89996366	0.98885343	0.91699156	0.96840501	1.0809948	0.93819724	0.98705616	0.93883771	0.90914287	1.0559246	1.0561629	1.0777387	0.89351401	0.9656343	1.0244111	0.91880372	0.90830192	0.85515175	0.99055944	1.12669	0.88016557	1.0243129	1.0160907	1.0007252	1.0802823	0.84373513	0.99046904	0.98963406	0.88819237	1.100512	1.0506909	0.96905999	1.0098783	1.1116517	1.0320678	0.99765651	1.0503678	1.0040385	1.0785787	1.1223378	0.88095282	0.98904382	1.1693372	1.0375088	1.0002893	0.88150488	1.0155942	1.0200251	1.0099401	1.0089364	1.0276427	1.0326186	1.0482823	0.94580597	0.99187527	0.97803553	1.0588571	0.99635953	1.1305063	0.93056798	1.0714182	1.0767265	1.0818275	0.93814254	1.0860569	1.1088051	0.94004066	0.93850118	1.0000176	0.95375567	1.1182384	1.0160895	0.97607962	1.1142021	1.2348947	0.99395476	1.0939756	1.0182417	0.88457852	1.2005811	1.1053806	1.1170419	1.0657628	0.9984005	1.0233858	1.1398773	1.0159571	1.0370455	0.91421484	0.9431191	1.0921606	1.0627227	0.96143571	1.0133487	1.1210269	0.95038156	1.0154529	1.0850622	0.97578998	1.0765167	1.1264313	0.93716666	0.9391415	1.0417958	0.93477022	0.94257192	0.97759948	0.94728381	0.95145133	0.84712758	0.9000923	0.93332956	1.0174475	0.91108738	0.99911227	0.9755073	0.93248755	0.95234962	0.90563487	0.823365
0.83925512	1.0149236	0.87852377	1.1145519	0.98643981	0.99173233	0.90851582	1.1025142	1.1253222	0.90652894	1.0149942	1.1020124	1.0488026	0.97175113	0.96662917	1.0097123	1.0071066	0.98972872	0.90921629	1.193355	0.90728647	0.96317163	0.95804994	0.84775206	0.98459524	1.0730832	1.0355856	0.92561663	0.95210547	0.9927529	0.97469708	1.0454543	0.91225782	1.0232524	0.97581428	1.1424151	1.0982112	1.1457867	1.0387019	0.94217741	0.92930729	1.1363194	1.2097753	1.1188631	1.0967354	1.1575176	0.95809735	1.0931968	0.89672526	1.0604896	1.0109545	1.0415906	1.0178408	1.0925493	0.90520626	1.0253425	1.2083338	1.0273508	1.1546297	1.0410074	1.0519767	0.9910619	0.93012767	0.94263083	0.91351191	1.0229486	1.0073935	1.1036133	1.0982409	0.91542162	1.0473421	0.92037861	0.99080018	1.0192454	1.0709767	0.9961056	1.1209892	0.9748308	1.0927682	1.1015481	0.91604667	1.1149518	0.82064508	1.0319397	1.1524559	1.0140353	1.1008765	1.0690883	0.98958117	0.97166335	0.94924621	1.0612336	1.0504798	1.09738	0.90879343	1.0780188	0.93796289	1.0401713	0.95605723	1.014971	0.95213757	1.0045358	0.9472093	1.0192013	1.0906758	1.0545818	0.94157224	0.97509644	0.95891526	0.9672879	1.0617888	1.0623661	0.95517883	0.93206278	0.92160535	1.0661817	1.0290162	0.96472279	0.95131477	0.86681443	1.0282776	1.1360739	1.1133115	0.78459055	0.86637108	0.83255702	0.8081245	0.95153587
0.99050682	0.83480185	0.92538579	0.84912918	1.0722148	1.0367692	0.9329226	1.0085144	1.072366	0.92872897	0.91123467	0.96752262	1.0308197	0.91807358	0.91233499	0.88540064	0.93832488	0.98888505	0.98109459	0.97049794	1.0542848	0.8625422	0.84293426	0.9493616	1.0079281	0.94526217	0.93245978	1.0995913	1.0681998	0.93680402	1.1383859	1.0283092	0.96437701	0.96746446	0.86836413	0.85536052	1.1914274	1.2404642	0.89624818	0.90147329	1.0010187	0.92888703	1.0742215	0.97354501	1.1530585	1.1203338	1.0834753	0.95093907	1.0777945	1.1000933	1.0386679	1.2033091	1.0161522	1.032023	1.0517015	0.95530068	0.9124594	0.96973612	1.0495744	1.0605432	0.93208262	1.0932802	0.91092846	0.90682931	0.8998402	1.1074017	1.0090274	1.1687161	1.1223962	0.98402661	0.91027295	1.1090262	1.0509794	1.1011808	1.0328052	1.0628634	1.1647258	0.93407629	0.97327428	1.0050198	1.0344222	1.1067388	0.87220632	1.1840544	1.0786013	1.0507269	1.0182016	0.91772757	0.98543304	0.94619314	1.017229	1.0214299	1.0935451	0.96483647	1.1600464	0.88619246	1.0697805	1.0947022	1.1684887	1.0815434	1.1911406	1.0723978	0.95076271	0.93633278	1.0956423	1.1356647	1.0025466	1.0095147	1.0132269	0.91874641	1.0823092	0.94276811	0.89136492	0.91153354	1.0277675	0.91514868	1.018273	0.79271782	1.0268684	1.0455527	0.83207553	0.89737346	0.91056362	0.95095235	0.96857401	0.91555913	0.9146698	0.9842715
0.8101134	0.86899015	0.8513017	0.91997955	0.90582291	0.91714818	0.98651054	1.0969239	0.88137502	0.96990333	0.9092696	0.89189497	0.90128754	0.97599565	0.97920157	1.0071884	0.91949788	1.0568142	1.08005	0.99735247	1.0994189	0.8566366	0.97377059	0.98707097	1.0200379	1.0490941	1.1123782	1.2288248	1.0487658	0.96599923	0.89613566	1.084449	1.237846	1.1102117	1.0486517	0.90331367	1.0673608	0.90564449	0.93260005	1.0512432	1.152393	1.0984785	1.1157215	0.88139445	1.0194441	1.0642096	0.99057977	1.0168426	1.121061	1.1306217	1.0607835	0.94667091	1.2110561	0.98711794	1.19773	1.0434159	0.99716016	1.1729734	1.1556178	1.0127564	0.97374723	1.0306738	1.0046641	0.99230798	0.92731821	0.89356246	0.97701383	1.010753	1.0013908	1.0863303	1.002732	1.1273557	1.0746377	0.94762315	0.94331269	1.0905734	0.99834868	0.96998656	0.96546002	1.0543419	0.87817718	0.83521284	0.94831704	1.0235043	0.98080695	1.0927495	0.92286281	1.0251182	0.95693766	0.98802628	1.0732269	1.0161666	1.0222811	1.1842257	1.1048586	0.9271768	0.99395577	1.0280268	1.052763	0.84234851	0.9208065	0.87403949	1.0011637	0.99414381	0.96234862	1.0662058	0.90298025	1.0020902	1.0419619	1.061465	0.97959174	1.1070999	1.1338193	0.91068145	1.0821747	0.86851414	0.78935022	0.98831281	0.88127186	0.91971154	1.1008566	1.0826606	1.0101348	0.96399834	0.92941889	0.94663383	0.8006986	0.79852283
0.8767982	0.88414232	0.96198372	1.0326174	0.98586568	0.86505015	0.93954579	1.0547109	0.99872025	0.84283809	0.93280021	0.84283889	1.1188098	1.1083352	0.90100964	1.0085232	0.82819546	0.95833481	1.0690506	0.96423746	0.98780494	1.039622	0.97797607	0.97439748	0.91926259	1.0275139	0.96564884	0.8749153	1.0158821	0.99328515	1.0826818	1.0948734	0.9260822	1.0922595	1.0193522	0.8762167	1.0194053	1.0218881	0.94877406	0.95876091	1.1141512	1.1034678	0.96880741	1.1477929	1.0804271	1.0646348	1.1599114	1.0737669	1.0419273	1.0396606	1.1895715	0.95387722	0.93094912	0.91612083	1.1528593	1.0772671	1.1604973	0.99517839	0.97989389	0.9681428	1.1731266	1.0930104	0.89812731	0.92691361	1.0475509	0.87339677	0.99435476	0.98578823	0.93881654	1.0168637	1.1440595	1.0635753	0.93750353	1.0101893	0.9843777	0.89358567	0.94185108	1.0685718	0.97910542	1.0496756	0.91824917	1.2290791	1.101422	1.0799897	0.98843288	0.95046996	1.0408402	0.99588661	0.84674589	0.89364167	0.93525879	1.1626966	1.166018	1.0457121	0.91661582	1.0137925	0.97684946	0.91395998	0.9710908	0.91352209	1.1074795	1.0316612	1.0325515	1.1020796	1.0204126	1.2462038	0.99968339	0.94478982	1.0374337	0.9921439	1.1305832	1.2201503	1.2324512	1.0103979	1.0376237	1.0109218	0.88624698	1.0363368	0.91631929	1.0636745	0.98730744	0.97571747	0.96302056	0.94892776	0.95495409	0.843934	0.86828378	0.88438283
0.84317649	0.75613881	0.87678572	1.0282576	0.77023083	0.8316325	0.94057013	0.85857441	1.0519508	0.96639967	1.096699	0.89545828	0.90034277	0.8914177	0.98885985	0.93105301	0.85968906	0.98256483	1.1625048	1.0812285	1.1265211	1.0277084	1.0947329	1.1253664	0.93417224	0.88717926	0.94235693	0.90939607	1.0697411	1.0135008	1.0997228	0.85980468	0.97091691	0.95838981	1.0637727	0.98692562	1.0626093	1.0520275	1.0118699	0.83786998	0.85968108	1.1142068	1.0610514	1.0080712	0.96393606	0.92642059	0.94916736	1.0865863	0.94397715	1.100931	0.99678951	1.139146	1.0680974	0.88523281	0.93409421	0.97072659	1.0161973	1.0433881	0.93656225	1.0656955	0.91579091	0.94129452	1.0763782	0.90254479	1.056762	0.9800914	1.0798896	1.1761403	0.89365967	1.0084612	0.95804321	0.98788279	1.0115974	1.0934162	1.1017767	1.0514354	0.98164102	0.93864521	1.1102927	1.0365973	1.1299751	0.96650807	0.93706111	1.1722428	1.0158375	1.0033581	0.86995083	1.0450828	0.96861598	0.92683591	1.1147098	0.96556272	0.94880089	0.96585642	1.051515	0.92786383	0.95531874	0.9551597	1.0447767	1.0373179	0.93511482	0.98011608	1.0762069	0.95011095	1.0652907	1.0384753	1.1188874	0.8931487	0.96236165	0.92188804	1.0753528	1.0998729	0.91947516	1.0792272	1.0785229	0.83350999	0.92244321	0.9450368	0.78185273	0.88702994	0.89190703	0.89599014	0.88105361	0.92637204	0.89805799	1.028149	0.86040688	0.81549978
0.90363885	0.91983421	0.92773836	0.78688301	1.0410276	0.96187149	0.94307862	0.984431	1.0415342	0.90327352	0.9084925	0.96636017	0.97739656	0.83675949	0.85420855	0.95085407	0.87488733	0.97469442	1.0138296	1.0200324	0.96582233	0.96758377	1.0946647	0.90554239	1.1073557	0.97175006	1.004629	1.0825717	0.96108986	0.80003591	1.0266519	1.0859814	1.0569965	1.0552071	1.0387244	1.0385381	1.1851552	1.1261163	0.90166792	0.93910814	1.1967089	0.91358272	0.98468019	0.90709864	0.91425651	1.0285373	1.0321684	0.85650849	1.1307168	1.0837887	1.1066491	1.0155324	1.1505971	1.1160266	0.98151959	1.0331529	1.1494598	0.98445141	1.0968239	0.92687043	0.93366123	1.1070329	0.88621419	1.0261973	0.92564344	0.86983853	1.0112708	1.0435972	0.89960445	1.0713002	0.99244204	0.97840659	0.94140156	1.0111279	1.070385	1.0722578	1.0195612	1.0560339	1.0140877	0.93271698	1.1905425	1.0621402	0.96419165	0.9939982	1.0539032	1.0247967	1.0399088	1.0255719	0.98408752	0.96577871	1.0078193	0.94727451	1.0565628	1.1241238	1.0196845	1.0086914	1.0556464	1.0783033	1.0997538	1.1917671	0.91655764	1.0384924	1.1137461	1.1799538	1.0155607	1.150659	0.92735442	1.0279054	0.97703194	1.1436044	1.1586338	1.1050661	0.96582296	0.98464332	0.91771822	1.0665283	0.868692	0.98853785	0.9041863	1.0079317	0.9159114	0.91849552	0.98493699	1.0165832	0.95029284	0.96460146	0.91587277	0.86662939
0.99832271	0.8424602	1.0160077	0.92631396	0.94162917	1.0013927	0.91657794	0.92329782	1.0948812	0.92814975	0.93269035	0.93412371	1.0365227	0.97956732	0.88054113	1.0097884	1.0587598	1.0385008	0.92995087	0.86322887	1.1552312	1.0357894	1.0452417	0.9677862	0.98191527	1.1343826	1.023144	1.0153022	0.96804849	1.0206294	0.99085978	1.0087599	0.92544348	0.95196775	1.035591	0.94066095	1.0958327	0.93500027	0.9826994	0.97419227	0.93111492	0.95482193	1.0964151	0.98727058	0.95371573	1.0181728	1.0176936	0.96557414	1.0970035	1.163598	0.85100896	1.0294727	0.90108196	1.0823665	1.0343027	0.97321141	1.0878662	1.0565885	1.0910309	0.9403347	1.0826368	1.0139636	1.0609014	0.89303532	1.020248	0.97387998	0.91392918	1.037121	1.0932755	1.2539338	1.0132773	1.0339386	1.0025567	1.2032684	0.92595089	1.1847854	0.94733709	1.0547767	0.89015635	0.93714485	0.93792655	1.0838956	0.99424803	0.97797994	1.061572	1.0311832	0.90031569	1.087488	1.1298455	1.0700603	1.0309013	0.86408872	1.0982582	0.89209887	0.93964705	0.83019855	0.91230832	1.0060015	0.94243462	1.0642393	0.81872784	1.0155755	0.81266892	1.0095087	1.0737675	1.0341997	0.99172257	1.0333235	1.0549802	1.0634812	1.0359627	0.98283486	0.95758122	1.0462977	1.0082553	0.92847874	0.94783087	1.1621665	1.0271431	1.033094	1.0505668	1.0162246	0.99847428	0.83328331	0.88110888	0.92974347	0.92044144	0.84325669
0.79464384	0.9072948	0.90713681	1.1010394	0.820783	1.0163881	0.90797079	0.8460343	0.92106359	1.0457327	0.9937255	0.9240846	0.95543759	1.1065534	0.97393407	0.96915572	0.86567495	0.88707991	1.0297041	0.9858083	1.0390638	1.0867497	1.0454644	0.99807787	1.1471676	1.0135333	1.1120581	0.96250139	1.1762076	1.1172449	1.0729816	1.091277	1.0739588	1.0762708	1.0560061	1.0313388	0.94952636	0.86897836	0.96161346	1.011498	1.0830675	0.89335928	1.1464424	0.98835705	1.0400944	1.0898281	1.0599434	0.99843916	0.95431502	1.0937953	1.0286751	1.0660928	1.1919891	0.89060235	1.1050538	0.89361385	0.88823879	1.0276065	1.0036574	1.0643104	1.0346975	1.04342	1.0161904	1.0235567	1.1286546	0.82577966	1.0305747	0.93456549	0.95752105	1.0707707	0.98321195	0.97326605	0.97064197	1.0057699	0.95002206	1.072341	0.98832913	1.0564763	1.1535254	1.1335115	1.0341834	1.0747787	1.0516537	1.1136869	0.9408603	0.98877221	1.1236833	1.0337722	1.0892124	1.0026243	0.89660582	0.90436719	0.93896623	1.004271	0.97575909	0.99175508	1.0765568	1.0165331	1.0399636	1.0532505	0.91612203	0.99790771	1.1690579	0.94452318	0.9720364	1.0781388	1.0012108	1.1943942	1.0684316	1.2146706	1.0501031	0.87690314	1.1059433	0.87107662	0.82411781	0.9061765	0.99576538	0.96981438	0.96567402	1.1050419	0.92656022	0.92635522	0.8714438	1.0085719	0.89550509	0.99905278	0.92687727	0.80194062
0.87055505	0.92224091	0.87047225	0.9534288	0.88227513	1.0008277	0.96812255	1.0403573	1.0064214	1.0146537	0.85243385	1.0481206	1.152385	0.92731198	0.93508172	1.04064	1.1268682	0.98029777	0.82536627	0.96801335	0.94212104	0.94407216	0.99289467	1.0614001	1.0822644	0.98453488	0.96572765	1.0988549	0.98843871	1.0257385	0.95537494	1.0252946	0.98442421	0.9683324	1.1685195	1.0012727	1.0613225	0.88360135	1.0469539	1.054582	1.0484114	1.0452332	0.95732243	1.0248805	1.1229009	0.91473987	1.0025152	0.95576343	0.94443896	0.83098512	1.0513545	1.0446577	1.1308515	1.0097416	0.91031696	1.0420726	1.0400097	0.89689417	1.0795821	0.97757961	0.99353951	0.9041643	0.97824423	1.1488331	1.0133593	1.1385624	0.89481621	0.96708264	0.95298881	1.033067	0.95289418	1.0112052	1.1321938	1.1160392	1.1928134	0.96877905	1.1127122	1.0104266	1.0674619	1.1641466	1.1233299	0.98910406	1.0966381	1.0786348	0.94793741	0.99983819	0.93272057	1.0726541	0.9890829	0.99039158	0.97292621	0.91291397	1.0103446	1.0784549	1.0411393	0.90137601	1.1310616	1.0215107	1.1166891	0.96613719	0.95929598	0.94030673	1.1085407	1.0665217	1.0018585	1.0075507	0.95145298	0.81670301	1.1303421	0.95295795	0.84680738	0.88607564	1.1112959	1.0316392	0.99881105	0.97101463	0.96476581	1.0660193	0.90088368	0.99300512	0.92332826	0.88792174	0.97832068	0.93186431	0.91309493	0.92295153	nan	0.97012939
0.85153854	0.99142062	0.80386294	0.93636636	0.89172255	0.87550913	0.89811211	0.90866314	1.108993	0.9172469	1.0826915	1.0000593	0.96417583	1.1324861	1.0612176	0.96267745	0.96445105	1.0693391	1.1384637	1.082923	0.99508868	1.0416513	1.0245627	1.2613097	1.0502452	0.8394319	0.89705664	1.0706336	1.056844	1.0526694	1.2218697	0.93336373	0.99069835	1.0931845	0.892583	0.84395628	0.9125247	0.87656353	1.0829888	1.1181226	1.102131	0.99040243	0.86615055	0.95232335	0.89891782	0.95348138	1.1189031	1.0808345	1.0393008	1.1815867	1.1913966	1.1587684	0.96466337	1.0097728	1.1226735	1.0361474	0.94572383	1.004167	1.0640108	0.95648895	0.98972209	1.1157033	1.0724889	1.1975884	1.1445513	1.0466981	1.0640518	1.0650462	1.0102307	1.0475465	0.96173113	1.0444686	1.0078253	0.91893551	0.98656635	1.2106502	1.1171571	1.0820422	1.0548916	1.0285482	1.1366328	1.0131898	1.2471718	0.8043943	0.92644554	1.0926235	1.0453407	1.1070453	0.94479929	0.98559786	0.96919413	0.99099942	1.1949401	1.0484567	1.166234	0.9673503	1.079329	0.97154392	1.0553409	0.96015267	0.98124462	1.1974136	1.0671832	1.0489218	0.91969952	1.000936	1.0630294	0.93425662	1.1349157	0.96430334	0.98100185	0.93880835	0.89955603	0.97909651	0.93733527	1.1147006	0.97198764	1.0190865	1.0244119	0.99868098	0.89713122	0.96748542	0.94599569	0.94247681	0.95748571	0.818507	0.94060354	0.81417133
0.97807372	0.93684559	1.0078578	1.0504451	1.0613079	0.86742168	0.85524947	0.96670252	0.96707099	0.99915107	0.95594883	1.1338161	1.0415722	0.91089929	1.0768833	0.97851897	0.90497648	1.0527497	0.91674992	0.97846536	1.0660053	1.041714	1.114062	0.98958886	1.1573346	0.95816429	1.1308595	1.0438539	1.1096679	1.0468336	1.0247075	1.0244172	0.90969798	1.0341248	1.0218591	1.172671	1.0250302	0.94702592	1.025074	1.0598286	1.0670405	1.0936403	1.040852	0.87143973	0.99729238	1.0145086	1.1479965	0.95591039	1.2100343	1.0097505	1.1519786	0.98467002	1.0907222	0.99078994	1.0634429	1.0560907	0.95479558	1.1185646	0.88857338	1.055425	0.9714998	1.0421995	1.15206	0.94780714	0.96426356	1.0800878	1.0754839	1.1818413	1.0052179	1.0434808	0.92792702	1.1005659	0.85428865	0.88424746	0.98928121	1.0666819	1.1468064	1.094387	1.0800655	1.0905525	1.0086191	1.0397507	1.1048966	0.87412681	1.0856919	0.95230112	0.92620665	1.0512823	1.0227916	0.86846389	1.1329158	0.88186021	nan	1.0460057	1.0529163	1.1272307	1.0908879	1.0386901	0.94630911	1.0121617	1.0878283	1.1233663	1.0530242	0.94380576	0.95447638	0.98603091	0.94902449	1.0044134	0.89169481	0.96007991	0.99181991	0.97110626	0.85439497	1.0266627	0.96839446	0.97969298	0.86129221	1.0282752	1.0419889	0.9349387	0.99347366	0.94749473	0.83994259	0.9642502	0.99794917	0.95781626	1.0210167	0.92148822
0.8915905	0.98590445	0.95696887	0.97242359	0.93191498	0.9496707	1.0693797	0.92643293	1.0347589	1.0627266	0.97552134	0.94717406	1.0664423	1.0406538	0.99605063	0.996056	0.92260172	0.98799101	0.99173142	1.0024786	1.1249498	1.0354648	1.092209	0.90288823	1.1755265	0.99982067	1.0367455	0.85851223	1.1142599	1.1049905	1.0597895	1.0624022	1.1007935	0.96539069	1.0087885	0.99925584	1.0439358	0.99614698	1.0201487	0.85636896	1.0606836	0.98133394	0.90644931	0.9769079	1.1155717	1.0561625	1.1786771	0.97004896	1.1038388	1.0971364	1.05009	1.0470432	1.1153233	1.0318229	1.0637563	0.95487578	1.0407535	0.99896446	1.09033	1.0608721	1.1349493	1.0416922	1.1394713	1.1407798	0.94613323	1.0575273	1.0076918	0.96703288	0.96851349	0.95702166	1.0333197	1.054887	1.0719209	1.1337197	0.94347211	1.2350159	1.0496017	1.1416992	1.0609854	0.96694746	1.0727892	1.119972	1.1135686	1.1376003	0.96695248	1.0438371	0.83412241	1.1326435	0.99936669	1.0877378	1.0287173	0.98831497	0.99651808	0.98070885	1.0631218	0.98075507	1.094468	1.0528614	0.99273352	0.9891132	0.92978118	1.0579404	1.0183195	1.1307077	0.93220127	0.99263208	1.0437592	0.93794224	1.0165118	1.0550641	1.1167899	1.01046	1.0751566	1.0005958	0.90430518	0.90992225	0.97921725	1.1502701	1.0107147	0.99133159	1.107242	0.94921467	0.95830008	0.96701905	0.95767398	0.90778758	0.92772382	0.87227554
0.99711201	0.95106873	0.9981493	0.83670448	0.90408633	0.97217923	0.97389946	0.95257345	0.97029335	0.94295228	1.0480846	0.82431309	1.0382085	1.1497007	0.95841115	1.1834367	0.95025042	0.98336702	1.0032992	0.94106446	1.020824	1.0189579	0.96897484	1.1240504	1.0936077	0.97056764	0.93272199	0.96246692	1.1286458	1.0067722	1.0156984	1.1714225	0.94613472	0.96394243	0.96750318	1.1337789	1.1087602	1.1305191	1.0159958	1.1024901	1.097509	0.98207408	1.1256805	1.0561435	1.0290059	1.0272822	1.06536	0.97716701	1.0102718	1.0790761	0.95690078	1.1095864	1.0695286	1.0690659	0.96536535	1.0136858	0.96804569	0.98686646	0.9596011	1.0475911	1.040036	1.1720256	0.96637405	0.99116329	0.94790676	0.99622302	1.0793871	1.079645	1.1277615	1.0144414	0.93278298	1.0917948	1.1017363	1.1537642	1.1875416	1.0428899	0.93976458	1.0003158	1.17478	1.1617433	0.98552161	0.98770827	1.1402488	0.99029466	0.92645641	1.053732	1.0799722	1.0334967	1.0358689	0.92765312	0.93297826	0.7764328	1.086631	0.99540375	0.90124937	1.1128702	1.0261606	0.93688403	0.84091117	0.86516877	0.93958565	1.0815482	0.95146984	1.0222033	1.0787993	1.0123755	1.0619875	0.9308644	1.1032831	1.0176035	1.1081936	0.89466713	1.0289806	1.1466234	0.95097632	1.0488096	0.94655987	0.98658144	1.1221681	1.0273377	1.096464	1.1175242	1.0303437	0.89213123	0.92859909	1.0649223	0.84564981	0.87811476
1.004727	0.99726243	0.92709632	1.0213106	1.0411026	1.0164722	0.8122876	1.0083021	nan	0.91946208	1.0228923	0.91683649	0.91143949	0.86742426	0.98549829	0.99461939	0.95578835	0.88853645	0.98067717	0.92375762	0.96226635	1.0232999	0.92547974	0.99612572	1.137977	1.1332447	0.98648944	1.0303312	0.95582147	1.0241464	0.99287691	1.0199137	1.0472692	0.96686266	0.96335353	1.0658625	1.0419095	1.1072596	1.0227548	1.0500105	0.97991675	0.94037155	1.0740685	1.0791939	1.1010167	0.92357343	0.96798385	1.1249243	0.8757807	0.98351733	0.89826406	0.90686601	1.0679682	1.119238	0.91756599	0.95663785	1.0697318	0.90089665	0.8134507	0.86030027	0.99790626	1.0509066	1.0060586	1.1218667	0.98636526	1.0336693	1.117697	1.0950619	1.077873	0.99078102	0.9985941	1.0409787	1.0263143	1.1280891	1.0926339	1.0003664	1.1859429	1.1641631	1.1518456	1.0811944	0.98856864	0.94925811	1.1508347	1.0194059	1.0700467	0.89180432	1.0471103	1.0919285	0.90076625	0.99542679	1.0243083	1.0381565	0.9499728	1.0521911	1.1872019	0.95069191	0.95431676	1.186518	1.0203469	0.97920792	1.0503011	1.0485177	1.0029584	1.0292837	1.1080555	1.1027049	1.1303857	0.90494882	1.0179433	1.0873127	1.0266735	1.0189205	1.0248173	1.1569649	0.9058882	1.0948743	1.100016	1.081379	1.1134283	0.95470952	1.0609651	0.96225985	0.98174512	0.97151528	0.93363548	0.87826661	0.93486903	0.86722811
0.87550701	0.89936859	0.85914571	0.8946384	1.0995056	0.80196532	0.99384109	0.96555069	0.98176787	1.0255265	0.90374556	0.86933753	0.95390428	0.99520946	1.0480406	0.98677865	1.049113	0.97653827	0.8537049	0.99964694	0.96311771	0.99367006	0.96534383	1.1480831	1.0514866	1.1648363	0.97043933	1.0406166	0.93211749	0.94450656	1.1136572	0.94757419	0.9546275	0.83662985	1.0543649	1.0499425	1.0158943	1.1472062	1.0073506	0.89278242	0.91135761	0.94220455	1.0003056	1.1043533	1.0026168	1.0708111	1.0502252	1.1310855	1.1766489	0.98521089	1.0546343	0.99629641	0.99991986	1.1343092	0.95382519	0.90453935	1.0442561	1.0247705	0.99526234	0.95038549	0.99072957	0.9886822	1.1805558	0.99246924	0.9514951	1.0202761	0.95269292	1.0452737	1.1802127	1.0329373	1.0105853	1.0395681	0.99819711	0.99796455	0.89314112	1.0881086	1.0845877	1.0417723	1.0046901	1.2526812	1.1119417	1.0527813	1.0872659	0.97067594	0.93131938	0.9943684	1.0195989	0.95673617	1.1379948	0.99678274	0.93634229	1.1056709	1.0609304	1.0105594	1.0517963	0.97141801	1.028037	0.84876411	0.93214977	1.0323904	1.0348053	0.93522378	1.1564017	0.92612382	0.99635855	1.0692807	1.0874796	0.99494134	0.93997927	1.1381639	1.0649269	0.94974267	0.99428645	0.91392286	1.1494975	0.96062492	0.94761496	0.9390656	0.85261178	0.98717507	1.06702	1.0039635	1.1105141	0.87076448	0.91760184	0.87635711	0.96168761	0.87518028
0.93944128	0.85495268	0.96590678	1.0039872	0.97274824	0.97644706	1.0077446	1.0842812	0.91149483	1.0667053	0.9347886	0.97991506	0.98478759	0.95514933	1.0307675	0.98548128	0.96831263	0.85256072	1.0748	0.95514517	0.9375097	1.0177673	0.93680631	0.99359216	1.0293164	0.9697607	1.0695565	1.0939149	1.1149927	0.99580483	0.94322956	1.2238326	0.96423301	1.0263764	0.89003468	1.1109707	0.97294956	1.032088	1.0130332	0.97947315	0.94382521	0.98526419	1.0497405	0.93835048	1.0415354	1.0625272	0.92246183	0.95556026	1.0463218	0.96297774	1.231475	0.99404751	1.0911729	0.93324807	1.0988307	1.0544319	1.0921431	1.0061776	1.0409246	0.87884978	1.0627965	1.0023187	1.0101394	1.1099839	1.0046217	1.0187717	1.0056516	1.1432677	0.96628656	1.1193458	0.94617252	0.9655936	1.1457138	0.83651998	0.92228254	1.0900728	1.0528118	1.1436343	1.2177279	1.078077	1.0073281	1.1155733	0.96949377	0.89724991	0.934625	1.0103324	0.984324	1.0829961	0.9091544	1.0852667	0.98542713	1.024729	0.96748223	0.92800106	0.88490155	0.93551471	0.92002076	0.94267276	0.8746515	1.0000958	1.0313368	0.99910141	0.95195151	0.96500707	0.94078642	0.84392828	1.1596891	0.9708975	1.0673707	1.1176158	0.86475224	1.2477877	1.082769	1.0099569	1.0120006	1.0961276	0.86760986	0.91463317	0.99935518	0.87926775	0.81303017	1.1437085	0.90005941	0.98989892	0.91836837	1.0239563	0.90765498	0.74124546
0.99622555	0.83525598	0.90727991	0.99317379	0.84659256	1.1986433	1.0053347	1.0446216	0.79826644	1.1013478	1.1420918	1.1249266	0.92745517	0.86781424	0.882013	1.0996402	0.94228471	0.93796694	1.0349138	0.94403161	1.011303	1.1325838	1.1026575	1.0068007	0.96613129	0.8816157	1.0744003	1.0889716	0.85243246	1.0112864	0.94939586	0.99159718	0.90776453	1.1039689	1.0316197	1.0400528	1.1290991	0.98559612	1.1289292	1.0674129	1.0511957	0.89597577	1.2132059	1.2186818	0.98733355	0.89119372	0.9626252	1.0593825	1.0181363	0.97841603	1.0522463	1.1052007	1.1141449	0.8801521	1.0956734	1.0761559	1.0976378	0.96665211	1.1028231	1.0489251	1.2046085	1.0509881	1.0109639	1.1463136	1.0403947	0.94272648	1.0311278	1.0763694	1.0208152	0.98357336	0.99113054	0.94284922	1.0274039	1.1911208	1.1095973	1.0788007	0.98785456	0.93525272	1.1489096	1.0649811	0.99883029	0.95136514	1.0556316	1.018871	1.0817557	1.0192218	1.0569202	1.038059	0.95798032	1.1120469	0.97170189	0.98920434	0.84624595	0.83763281	1.0726561	0.95192368	0.97620819	0.99717531	0.97876113	1.1126779	0.95846304	0.83050969	1.0620585	1.0430866	0.94407207	1.000209	1.2092104	0.94922878	1.0991019	1.1817584	1.0161616	1.0079106	1.1563702	1.0159122	1.1484333	0.99644374	1.0891552	1.1561435	0.98731744	0.96198428	1.0254376	1.0667854	1.1279511	0.87069982	0.85495694	0.91848358	0.93960881	0.7178817
0.8063185	1.0801183	0.86462741	0.87551721	0.96878754	0.98439302	1.009913	1.0382713	0.89720032	0.87843297	1.1126163	nan	1.0347504	0.98851511	0.93159592	1.0091941	0.91927076	1.0695647	0.99935842	1.0554785	1.0665175	0.90481289	0.98011364	1.0501727	0.93478349	1.1242273	0.9614139	0.99784022	1.0593206	1.2174462	0.98525147	1.1474668	0.93701356	0.95121878	1.0802373	1.0109168	1.0756498	0.85600129	0.90580118	1.0090898	1.1332797	1.2258124	1.0630601	0.99443343	1.0192167	0.96160701	0.93645885	1.0494287	0.88228851	1.0307881	1.0440766	1.0845457	0.94361626	0.89566175	0.97356418	1.0029672	0.88513963	0.9975607	1.0378596	1.0832562	0.97045687	1.0502464	1.0482211	1.2901283	1.177705	1.0154884	0.9900597	1.2388031	1.1041408	0.96992997	1.0167999	1.0243976	1.0291945	1.0896707	1.1999325	0.96882904	1.1080124	0.98378022	1.1583157	1.0150553	1.0655729	1.10444	1.0766519	1.106501	0.90069219	1.23904	1.0314529	0.93506755	0.94187708	0.90927182	1.1244666	1.0751728	0.96842425	0.9397	1.1344367	0.9587989	1.0574708	1.0813315	0.92459568	1.1256194	0.88789388	1.034322	1.0133475	1.0534775	1.0606322	1.0530909	1.1255268	1.0529891	1.0726342	1.0773489	0.98819964	0.96342141	1.0583043	0.99328463	1.0032755	1.0425444	1.0478027	1.0355349	0.97844724	1.0419704	1.0060207	1.0501695	0.85062381	0.95772304	0.96520034	0.95239299	0.87197346	0.90487798
0.8554706	0.91654225	1.0877432	0.92515803	1.031772	0.83872137	1.1063904	0.92888902	1.0947024	1.0009039	1.152836	1.0234912	0.78579537	1.0407904	1.0496439	1.0146867	0.98229426	1.0710796	0.97387371	1.0234997	0.88998998	1.0166631	1.0918882	1.0063928	1.1808797	0.99569535	1.0714078	0.93701406	1.0253895	1.0274678	1.0536629	1.020882	0.92476001	1.0723486	0.93797001	0.93405378	1.0773356	1.0378769	1.0689957	0.973814	1.1083688	1.0528074	1.031055	0.98968391	1.0078501	1.1661918	1.0694236	1.0249651	1.0215097	0.96781583	0.93483546	1.1450801	1.0637323	1.2623844	1.0231279	1.1521034	0.92960514	0.87953512	1.0670256	0.93746089	1.2121449	0.98264281	1.0287593	1.0757598	0.99452069	0.9705293	0.91316922	1.0091771	1.0944211	0.92348734	1.0736641	1.1187984	1.0427132	1.0198899	1.0151981	0.91518439	0.95342	1.1702588	0.97806222	1.1055655	0.98688942	1.1320608	1.0329357	1.0461494	1.0337621	0.9870001	0.97942092	1.1633909	1.064585	1.0212984	1.1001336	0.92703161	1.0427268	1.0927389	1.0950129	0.9980429	0.93464031	1.0600219	1.0710495	0.88703572	0.86716624	0.98799346	1.0053472	1.0719176	1.0584516	1.0993331	1.0352891	0.98164384	0.94725531	0.9624265	1.2044126	0.94764564	0.98742401	0.9232273	1.0300609	1.1040981	0.973176	1.0952616	1.002974	0.93604916	1.0129611	1.0131639	0.91160008	0.89270078	0.95888992	0.86580199	1.0410259	0.90843333
0.87834259	1.0042967	0.86671654	0.91278576	0.95055787	0.93115278	0.80557388	0.82102377	1.1089328	0.99752874	0.84967725	0.90998792	0.88649501	1.0467031	0.98503827	0.89597709	1.1102818	1.0413516	0.92742462	0.95953302	0.96902163	0.98314325	1.049587	0.99925529	1.11262	0.96335591	0.90769672	1.0025987	1.0701977	1.0589714	1.0125775	0.91776935	0.992389	0.83014875	0.88422802	1.0183949	0.90181841	0.98274257	1.164013	1.081919	1.1019341	0.9958484	1.1410362	0.96190929	1.1321396	1.0507789	1.0127784	1.0046862	0.9200325	0.92742463	1.1125582	1.0092818	1.0129072	0.92644038	1.0165429	1.0573359	1.022459	1.0721074	0.99254588	1.0129517	1.182147	1.0433595	1.0785574	1.0521851	0.95950801	0.97597573	1.2340653	0.97757206	1.0702188	1.0861452	1.1622887	1.0088615	1.0129117	0.98236753	0.97168485	1.058843	1.0949566	1.0449226	1.1679455	1.1508541	1.0550204	0.99546516	0.96378916	0.94072937	1.0207722	0.99183368	1.1680471	1.0880477	1.046029	1.0236759	1.0179808	1.1341628	nan	1.0391994	1.0593811	0.94196413	0.91823041	0.97909033	1.0180935	1.0849259	1.0132247	0.97038461	1.1061365	1.0842191	1.0010718	1.0511999	0.90109288	0.95105609	0.89241942	0.87216399	0.92884538	1.0409393	1.1232633	0.97272009	0.96184519	1.0986018	1.053502	1.1638335	1.0282376	1.0742926	0.89829714	0.91965492	0.9070788	0.95390609	0.89002844	0.86958776	0.84846006	0.71542355
0.92740369	0.89451842	0.97150604	0.93099063	0.92277639	0.96475751	0.91021075	1.0457041	0.9008049	0.92857341	1.0804299	0.94627749	0.95485605	1.0339314	1.0686105	1.0744834	1.0127047	0.94109445	0.94707679	0.98430706	1.0829616	1.0149746	1.0189795	0.9597094	0.88546782	1.0382241	0.8548656	0.86134604	0.99731735	0.84323498	0.92214641	0.98476288	1.1437217	0.98623018	1.1035083	1.0270121	0.91237802	1.0219831	0.97582384	1.0068151	1.1131894	1.0554666	1.1910426	0.95214369	0.93617288	0.99924022	1.0066019	0.90518676	0.9390901	0.95991482	1.0903052	1.0537233	1.1263754	1.1514538	1.104856	1.05953	1.0692494	0.86803391	1.1026558	1.0440992	1.1245126	1.1046104	1.1094673	0.93887916	1.1992607	0.93566236	0.87357209	1.1712713	0.96488922	1.0632325	0.96297898	1.1011482	1.050365	1.1273091	1.0154898	1.0319016	1.030674	1.0204185	0.96991764	0.78205361	0.97249065	1.1975169	1.006657	1.039551	1.1020053	1.096218	1.0086494	0.88370487	1.1452059	0.96958955	1.0959173	1.1732963	1.122497	1.0788457	1.1845877	1.0047223	0.9021529	1.1513293	1.009231	0.99407183	0.96144324	1.0252874	0.99748182	1.0178971	1.1157323	1.2108416	0.9109561	1.1121287	1.030688	1.0080679	0.99491328	0.96521899	0.90162771	0.94729518	0.97651124	1.0919292	1.1428933	0.85399422	0.79225323	0.9096863	0.88895148	0.84919483	0.88300209	0.86474649	0.80776616	0.94784005	0.91469471	0.94646967
0.86002898	0.91248954	0.98895653	0.90368536	0.9387821	1.0621447	0.88729221	0.99701526	0.95738582	1.0425663	0.95321763	0.9470721	1.0966917	0.98694825	1.0422265	0.94191907	0.9417225	1.0406316	0.85892967	1.0925428	0.96818263	1.1714485	1.0472213	1.0577638	0.89869551	1.0946532	0.94935671	1.0538274	1.1224575	0.99732394	1.0478037	1.0518311	1.113343	0.94645926	1.079809	1.1086853	0.94689046	1.0453641	0.98770457	1.1254097	1.0844448	1.1646601	1.2379661	1.026371	1.0415052	0.98542501	1.0719054	0.99307741	1.1478759	1.1259815	1.0293959	1.1638949	1.0624903	1.058854	0.90294301	0.94336086	1.0044283	1.1345938	1.0164191	1.0729523	1.1003638	1.1609684	1.0011156	0.9442415	1.1037621	1.0702975	1.0963813	1.0208212	0.91943458	0.97988923	0.98369585	1.1123988	0.99629794	1.0383653	1.0609949	1.0080864	0.9072196	1.0804887	1.0504559	0.94490833	0.93797152	1.0376204	1.1045721	0.93880859	1.0742635	1.0258109	0.91992569	0.97620469	1.0526225	0.98152294	0.97042551	1.0004806	0.99754056	0.99188409	1.0059899	0.98166739	0.97920049	1.0107737	1.052694	1.0280012	0.86404391	1.0176593	1.154015	0.93982672	0.93289295	1.1835269	1.0434967	0.99038117	0.88938743	1.0054075	0.9799875	0.9602747	1.0763537	1.0661796	0.92955032	0.87256491	0.99082417	0.99741363	0.85715353	0.86922676	0.87562945	1.0122293	0.9318948	0.98734189	0.87848622	0.78409701	0.96976257	0.79560566
0.92646867	1.0388907	0.96303656	0.84941286	0.92194455	0.92181112	0.89433456	0.89031859	1.0694597	1.1004852	1.0535137	0.98305361	0.99941502	1.0184441	1.0233768	0.9504946	1.0002179	1.0424699	1.0920978	1.2066625	1.0304822	0.90473422	1.0521917	1.0008393	1.0793274	1.0407849	0.95702817	1.1038212	1.1296243	0.92358994	1.054774	1.1787874	0.9191554	0.99095176	1.0417175	1.1166456	0.92017051	0.958403	1.0030131	1.1149431	0.91553568	0.97902028	1.03268	1.1783569	1.0556088	0.92227993	1.0123349	1.0270707	1.0093225	1.1239463	1.0980054	0.9528126	0.94322191	1.1373142	1.0751891	0.94620264	0.95300541	0.96700885	0.94966013	1.1255353	0.9107949	1.1717866	1.0499394	1.0163734	1.0364515	1.0949547	0.89403322	0.96385727	1.1171641	1.1949662	1.0526031	0.86356503	1.1064771	0.98627982	1.127156	1.0589215	1.0205273	0.95104771	0.8954351	1.0203244	1.084519	0.97872095	1.0205924	0.98044729	1.0689962	1.0928453	1.0893058	0.98453207	0.9372432	1.0472668	1.1753073	1.123222	1.0672567	1.0886393	0.89842682	1.0640912	1.0763292	1.1241059	0.85043486	0.87845276	1.0365663	1.1279826	0.83736398	1.2201105	0.9772214	1.1446615	1.1486399	1.1082926	0.90476846	0.9207578	1.1003679	0.98525299	0.94170475	0.91021052	0.9988643	1.0019808	0.93605428	0.86154111	0.9471794	0.84987086	0.89392222	0.86033484	0.816172	0.88386864	1.0498607	0.93858963	0.88732007	0.74465208
0.94176121	0.82379666	0.89489054	1.0669056	0.90197237	0.93149332	1.0449184	1.1094862	1.0322295	1.0454526	0.9539423	1.0224234	0.97086274	1.0501763	0.93496272	1.1007991	0.96467092	1.0254514	1.0214902	0.99411046	0.96310249	1.0500235	0.97497044	1.0524527	0.95927506	0.98706305	1.0526589	1.1050015	1.0064734	0.98639358	0.97231701	1.0979909	1.0362228	0.92061454	1.0693221	0.96489938	1.0404515	1.0663679	1.0305685	1.1221177	1.0731622	1.0116359	1.0563246	1.012782	0.99004007	0.88561429	0.97567749	0.9833536	1.1192168	1.0780791	0.97908674	0.86142151	1.1135862	1.0787117	0.9357732	1.1871142	0.89219321	0.84243186	1.1244418	1.0582608	1.123697	1.0269357	1.0375506	1.0640656	1.1239079	0.94180352	1.1369292	1.0399979	0.98119937	0.93297903	1.0847972	0.95922524	1.1411981	0.99760291	1.0991761	0.93594828	1.1058869	0.95052177	0.99217433	1.0050887	1.0314232	0.88178434	1.0194434	1.107188	1.0468228	1.014868	1.11822	1.0411771	1.1039402	0.99621713	1.0291179	1.063878	0.90012301	0.95897848	1.1001741	0.93599566	1.0327627	0.97309988	0.9070313	1.0965851	0.93316242	0.95576321	0.9504809	1.0582055	0.98390898	1.0602344	1.0959733	1.0771266	1.0571604	1.0343734	0.99344339	1.0274181	0.95064547	1.0663044	1.0588986	0.91694133	1.1592168	1.0076498	0.93766769	1.0716427	0.87212796	1.0324767	0.92758129	1.0694741	0.92745215	0.98152585	0.88741338	0.86393249
0.79506555	0.83559787	0.90120089	0.84249142	0.97820742	0.93296107	0.93250547	0.93158251	1.0073263	0.88658415	1.0392959	1.0647557	1.0264597	1.0355473	0.82422869	0.92530392	1.1294928	1.1331107	0.94511925	1.1415219	0.89627416	0.90698496	0.9580953	0.99796666	nan	1.0404785	1.0484847	0.94534832	1.1662382	1.103299	1.084298	0.85087206	1.0396796	0.93323987	0.95529176	1.0779043	1.1124885	1.0456688	0.99967073	1.0427234	1.0224577	1.0816272	1.0113953	0.90745184	1.0983211	0.98129355	1.2166914	1.1032456	1.0234105	1.0904319	0.90329419	0.92375301	0.94524003	1.1327872	1.0498002	1.0323963	1.0302871	0.99568964	1.1333955	0.96963382	0.98695871	0.90408679	0.97745013	1.0062537	1.0060594	0.96229584	1.083975	0.9813165	0.96659385	1.0497091	0.91935154	1.1766903	1.0036168	0.95914402	1.012447	0.95248786	0.99205074	0.84660367	1.046839	0.99431871	0.97320599	1.0139516	0.99900208	1.0043119	1.0446367	1.1554433	0.96625942	1.08723	0.96398629	1.0713135	1.0621638	1.101674	0.9619211	1.0176769	1.122819	1.0221676	0.95913679	1.0499261	0.98202777	1.0189494	1.0982788	0.9088145	0.96676868	0.96760181	0.92024241	1.0369372	1.1092029	1.0368208	1.0828706	1.0505746	0.92816471	1.0085118	0.98742934	1.0312271	1.0179055	0.94915302	0.99410234	1.0540882	1.0521356	0.96949511	0.92113206	1.0037574	1.0229985	0.95928687	0.86187858	0.96920106	0.8577245	0.89978939
1.0253787	0.78197249	0.9530226	0.96682869	0.81361238	0.98550397	0.91713283	0.9672559	0.89201374	1.2180389	1.0113939	0.91994427	1.1170722	1.0249722	1.0489647	0.97514397	1.0925955	0.96100042	1.0003735	1.0055381	0.93865251	1.07199	1.0969641	1.0108568	0.94431199	1.0099482	1.0007185	0.99225283	0.90137809	0.94920765	0.92729036	1.0165357	1.0876119	1.0060534	1.1271296	1.0168583	0.9999672	0.89754329	0.98447872	0.87611582	1.0376422	0.95133328	1.0765578	1.0162617	1.022807	1.0662637	1.0254616	1.0497463	1.1225253	1.0630124	0.96471753	1.0013612	1.0729449	1.1828123	1.1411515	0.98878729	1.0970358	0.96154032	0.9387647	0.91211312	0.9957969	1.0120816	0.98966723	0.89200839	0.92094874	0.99281725	1.0781676	1.0375216	1.1046633	1.0359699	1.0507724	0.97730544	1.0234567	1.0909701	1.0148936	1.1234207	1.1568475	1.1255318	1.0669493	1.0394971	0.96202327	1.0194232	0.93756565	1.1193324	0.96202887	1.0947078	0.96268569	0.92061172	0.89631112	1.0027302	0.93969314	1.0831384	0.99244568	1.06794	0.95033956	0.98310162	0.85318572	1.0426101	1.0131785	1.0843836	1.0847814	1.0402727	1.0401989	0.98216446	1.0723186	1.1343493	0.97513515	1.0068801	0.93171468	0.99327375	1.0546487	0.98325226	0.94605795	0.9500598	1.1516517	1.0567389	1.0166648	1.0532035	0.88950977	0.97606642	0.83655698	0.87882419	0.80840046	1.001945	0.98003335	1.0131021	0.89429583	0.93830112
0.83059482	0.87537387	0.86044743	0.86669459	0.99948851	0.99045718	0.94932956	0.9318666	1.1122751	1.1356176	0.88890115	0.95713038	0.98362583	1.0003706	1.0170271	0.90535766	0.90098844	0.95710745	1.0691761	0.95651289	1.0812408	1.078259	1.107062	0.9996945	0.9766652	1.0506624	0.87545605	0.9896554	1.0861389	1.0016237	0.91426872	1.1199974	1.1824847	0.97934881	1.1159362	1.0302895	1.0097493	1.0331005	0.88943092	0.90625792	0.99426922	0.91419208	0.98053183	0.9657439	1.0091027	1.0120266	0.89641678	0.98539732	1.0610133	1.0547135	1.0536031	1.1021375	0.98793415	1.0224127	1.087211	1.0994268	1.0386024	1.1613904	1.0160084	1.084102	0.94734508	1.0813881	1.0785348	1.1598842	1.0684404	1.0063275	1.0415729	0.87959718	0.83285142	1.0109053	1.0232441	0.99192082	1.2410668	0.96911463	1.270805	1.0172852	0.88724558	0.94702029	1.0026416	0.93135087	1.0213784	1.0580332	0.92624496	0.9171579	1.016064	1.0998939	1.0499946	1.0647823	0.90011772	1.0133737	0.95397763	1.2213536	1.1526353	0.99127016	0.90290416	1.0685738	0.95820489	0.98696621	0.97475626	0.99539198	1.1279426	0.94017817	1.0100477	1.1144559	1.0473602	0.87843359	0.85051355	0.93695751	0.81819837	0.97187423	1.0875019	1.0288801	1.0773771	0.92939554	0.92147942	1.0374545	1.0492568	1.0800646	1.0307753	1.0722539	0.88228608	0.81959203	0.98452157	1.000559	0.90155976	0.93316543	0.88877477	0.90402341
0.77143553	0.93095823	0.76886566	0.82661272	0.98779282	0.78772765	1.1580594	0.96537838	0.97957269	1.0354639	0.98250836	1.096179	1.0245619	0.93964124	1.1023028	0.85884455	0.99109532	1.015618	0.91123998	0.93449264	0.93770301	1.0039191	1.0907121	1.1248999	1.0747015	1.0739225	1.0311233	0.99506101	1.0268127	1.0408758	0.97524163	1.0383071	1.1262337	1.1495738	1.1283693	1.1404407	0.83495361	1.085529	1.0441095	1.1689521	0.9158039	1.0138764	1.1139813	0.9947224	0.98879322	1.083228	1.0604676	1.0828873	1.0975309	1.1495532	1.0448902	0.99734041	1.008542	1.0839837	0.93637231	1.0575625	0.96203202	1.0356349	1.0888109	0.92378547	1.1248804	1.1220916	0.99267464	1.0153201	0.89034558	1.0930112	0.92061306	1.0313991	1.2115332	0.99676677	0.98036114	1.0439963	1.1094536	1.0433495	0.9327286	1.0406123	1.0148555	1.0444196	0.9750853	1.0759575	0.98934142	0.94884835	1.2592273	0.99941495	0.97798153	1.0812668	0.91955	1.0913189	1.0681716	0.97502607	1.0329095	0.95237745	0.97403037	1.0350049	1.0115124	1.0529658	1.1299889	0.99707622	0.93463512	0.96502598	1.0228356	0.95889446	1.0841994	0.94196922	1.203379	1.0273018	1.1197771	1.0904569	1.0051818	1.0005314	0.90124777	1.0264704	0.98174907	1.0640788	0.99500012	1.0725023	0.8554045	0.95520968	1.0029184	1.0395051	0.97964371	0.88258232	0.97111763	0.93171408	0.90305239	0.86770755	0.77818946	0.85095567
0.90689304	0.82583868	0.96986504	0.90994774	0.91249089	0.92093802	0.98434259	0.99821994	0.95190536	0.86613015	0.92631142	0.92101271	0.94090495	0.97165747	0.88133113	1.0148518	1.063057	0.91533028	0.97056343	1.1540968	1.0582299	0.96333528	1.0305401	1.0209331	1.0011526	1.1117809	0.9581595	0.99024369	1.017098	1.0067425	1.0872077	1.2437272	0.98424595	0.96811678	1.0318208	1.0775127	1.1240241	0.91468495	1.1041864	0.9362357	1.1560662	1.0683824	1.1148093	0.99269061	1.0632892	1.0070533	0.97481214	1.1218038	1.1056687	0.96136662	1.1454981	1.2445642	1.0428577	0.99300912	0.96985433	0.94909762	1.0897569	0.95750464	1.079982	1.1302022	0.91228623	0.88352175	0.92374599	0.9955107	0.89811915	0.97296334	0.944107	1.0213758	1.0068696	1.1268517	1.1328462	0.92961136	1.0180525	1.1500189	0.95776507	1.1913411	0.88766435	1.0598614	1.1138148	1.050594	1.0082907	0.9783305	0.9838116	1.1149916	1.0719555	1.2392006	1.075389	0.9575185	1.044057	0.96439786	1.0144949	0.92407303	1.2645798	1.0997108	1.137997	0.97304868	0.99122824	1.1928086	0.97286582	0.92948142	1.0987155	0.95356625	1.0166831	1.0919626	1.0677059	0.9519289	1.0297863	0.96520947	0.82990519	1.0286258	1.0004695	0.90968429	0.86681236	0.99320087	1.1431912	1.0470606	1.059592	0.96241648	0.82104551	0.90169992	0.84096618	1.1066069	0.97760342	0.91497854	0.90520382	0.89442703	0.85850076	0.77534023
0.83505611	0.93225602	0.85769958	0.8495232	0.87382075	1.108316	0.96263454	0.9762917	1.0508322	0.87876792	1.0025362	1.0117546	0.91786191	1.1116952	1.0537495	0.8130556	1.0537903	1.0074329	1.0342025	1.0006671	1.0936819	1.0209287	0.93807716	0.9231463	1.0653078	1.0260615	1.0499837	1.0177471	0.9916341	1.0958651	1.019157	1.0911327	1.0151246	0.87970834	1.0781826	1.016326	1.0211022	1.0584196	1.0780511	0.96286972	0.97154389	0.92751804	0.97747592	0.89716624	1.0565288	1.1008666	1.0223886	0.97638605	0.92697737	1.108991	1.039808	1.0553629	1.0737213	1.0271094	1.2271458	1.0789255	1.0726298	1.0339479	1.1533682	1.0609988	0.9673951	0.92815113	1.0133729	1.0351489	0.97917267	1.0828882	1.0191365	1.035956	1.0518604	1.0490519	1.1642433	1.052591	0.96518448	1.10636	0.95983565	0.94302018	1.1151764	1.0218024	0.85649113	1.0232926	0.94677612	1.0588128	0.94422207	1.0210568	1.0123055	1.0257299	1.1232779	1.0174003	1.1005626	1.1026318	0.91770753	1.1523835	0.90402365	1.0003077	1.0629121	1.1998889	0.87370732	1.1866701	0.8884191	0.98800548	1.0629223	1.0053111	1.0301545	1.0123956	0.94617988	0.87595796	1.121414	1.0178596	0.8562471	0.97340153	1.0631693	0.93039141	1.0148134	0.91238421	1.0559909	0.97764991	1.040064	0.89264299	1.0384151	0.93288255	1.0132532	0.87744323	1.0314402	0.99645089	0.92703105	1.0217995	0.84084648	0.92723127
0.86885619	0.78379631	0.90478892	0.93917931	0.99384043	0.97226136	0.89006733	1.0712714	1.0078163	0.99598278	0.92938207	1.0690714	1.0382767	1.1233884	0.99931831	1.0436157	0.84847999	0.97088883	1.0319246	1.1152685	0.95317732	0.95534367	0.95174044	1.0225304	1.024795	1.0450557	0.99667363	1.1540619	1.0807398	1.0080856	1.0006628	1.0613955	0.76748279	0.93956126	1.0169665	1.161182	1.0862247	1.1410938	0.93464626	1.1583415	1.0608634	1.0023803	1.1343557	0.95569933	0.99274429	1.0484061	1.0569203	0.97272863	1.0034612	0.96120849	1.062632	1.0260488	1.0639852	1.1963359	0.96981683	1.0957259	1.1446063	1.0046162	0.95986827	1.0224128	1.0315523	1.1108223	1.0838299	1.1632941	1.1167929	0.90436991	1.0657115	1.1276102	1.0915139	0.97973074	0.95067523	1.0216958	1.0977711	1.1034235	1.1424809	1.1498725	1.1343831	1.073094	0.87861806	1.0967203	1.0924564	1.0699136	1.0604617	1.0064877	1.2118684	1.1464484	0.99759372	1.0736432	0.95697033	1.1168095	0.98912882	1.0330623	1.0170066	1.1392824	1.3204059	1.1546083	1.0028825	1.0640758	1.231249	0.92408384	0.99148332	0.92657136	1.1209157	1.1053888	1.0183464	1.2439054	0.98945307	0.81935695	0.8526131	0.98013048	0.96029206	1.0324242	1.0508672	1.0175844	1.1217366	1.0238706	0.97820747	1.0244142	0.99324801	0.97365281	0.84429442	0.92161118	1.09094	0.99983271	0.93361624	0.9306523	0.95666428	1.0053469
